2026-03-10 23:43:01,845 [INFO] ============================================================
2026-03-10 23:43:01,845 [INFO] Experiment started  run_id=20260310_234301
2026-03-10 23:43:01,845 [INFO] games=10  iters=[50, 200]  hybrid_k=3
2026-03-10 23:43:01,845 [INFO] Logs → results
2026-03-10 23:43:01,845 [INFO] ============================================================
2026-03-10 23:43:01,845 [INFO] 
2026-03-10 23:43:01,845 [INFO] ━━━━━━━━━━━━━━━━━━━━━━━━━━━━━━━━━━━━━━━━━━━━━━━━━━━━━━━━━━━━
2026-03-10 23:43:01,845 [INFO] MATCHUP: BASELINE_VS_DIRECT
2026-03-10 23:43:01,845 [INFO] ━━━━━━━━━━━━━━━━━━━━━━━━━━━━━━━━━━━━━━━━━━━━━━━━━━━━━━━━━━━━
2026-03-10 23:43:01,845 [INFO]   ── iters=50 ──
2026-03-10 23:43:02,337 [INFO] HTTP Request: POST https://api.deepseek.com/chat/completions "HTTP/1.1 200 OK"
2026-03-10 23:43:03,762 [INFO] HTTP Request: POST https://api.deepseek.com/chat/completions "HTTP/1.1 200 OK"
2026-03-10 23:43:05,088 [INFO] HTTP Request: POST https://api.deepseek.com/chat/completions "HTTP/1.1 200 OK"
2026-03-10 23:43:06,407 [INFO] HTTP Request: POST https://api.deepseek.com/chat/completions "HTTP/1.1 200 OK"
2026-03-10 23:43:11,552 [INFO] HTTP Request: POST https://api.deepseek.com/chat/completions "HTTP/1.1 200 OK"
2026-03-10 23:43:13,102 [INFO] HTTP Request: POST https://api.deepseek.com/chat/completions "HTTP/1.1 200 OK"
2026-03-10 23:43:14,626 [INFO] HTTP Request: POST https://api.deepseek.com/chat/completions "HTTP/1.1 200 OK"
2026-03-10 23:43:16,148 [INFO] HTTP Request: POST https://api.deepseek.com/chat/completions "HTTP/1.1 200 OK"
2026-03-10 23:43:17,554 [INFO] HTTP Request: POST https://api.deepseek.com/chat/completions "HTTP/1.1 200 OK"
2026-03-10 23:43:19,019 [INFO] HTTP Request: POST https://api.deepseek.com/chat/completions "HTTP/1.1 200 OK"
2026-03-10 23:43:20,237 [INFO] HTTP Request: POST https://api.deepseek.com/chat/completions "HTTP/1.1 200 OK"
2026-03-10 23:43:21,522 [INFO] HTTP Request: POST https://api.deepseek.com/chat/completions "HTTP/1.1 200 OK"
2026-03-10 23:43:22,888 [INFO] HTTP Request: POST https://api.deepseek.com/chat/completions "HTTP/1.1 200 OK"
2026-03-10 23:43:24,483 [INFO] HTTP Request: POST https://api.deepseek.com/chat/completions "HTTP/1.1 200 OK"
2026-03-10 23:43:25,735 [INFO] HTTP Request: POST https://api.deepseek.com/chat/completions "HTTP/1.1 200 OK"
2026-03-10 23:43:27,055 [INFO] HTTP Request: POST https://api.deepseek.com/chat/completions "HTTP/1.1 200 OK"
2026-03-10 23:43:28,482 [INFO] HTTP Request: POST https://api.deepseek.com/chat/completions "HTTP/1.1 200 OK"
2026-03-10 23:43:30,040 [INFO] HTTP Request: POST https://api.deepseek.com/chat/completions "HTTP/1.1 200 OK"
2026-03-10 23:43:31,275 [INFO] HTTP Request: POST https://api.deepseek.com/chat/completions "HTTP/1.1 200 OK"
2026-03-10 23:43:32,681 [INFO] HTTP Request: POST https://api.deepseek.com/chat/completions "HTTP/1.1 200 OK"
2026-03-10 23:43:34,275 [INFO] HTTP Request: POST https://api.deepseek.com/chat/completions "HTTP/1.1 200 OK"
2026-03-10 23:43:36,005 [INFO] HTTP Request: POST https://api.deepseek.com/chat/completions "HTTP/1.1 200 OK"
2026-03-10 23:43:37,479 [INFO] HTTP Request: POST https://api.deepseek.com/chat/completions "HTTP/1.1 200 OK"
2026-03-10 23:43:38,776 [INFO] HTTP Request: POST https://api.deepseek.com/chat/completions "HTTP/1.1 200 OK"
2026-03-10 23:43:40,278 [INFO] HTTP Request: POST https://api.deepseek.com/chat/completions "HTTP/1.1 200 OK"
2026-03-10 23:43:42,327 [INFO] HTTP Request: POST https://api.deepseek.com/chat/completions "HTTP/1.1 200 OK"
2026-03-10 23:43:47,649 [INFO] HTTP Request: POST https://api.deepseek.com/chat/completions "HTTP/1.1 200 OK"
2026-03-10 23:43:49,117 [INFO] HTTP Request: POST https://api.deepseek.com/chat/completions "HTTP/1.1 200 OK"
2026-03-10 23:43:50,674 [INFO] HTTP Request: POST https://api.deepseek.com/chat/completions "HTTP/1.1 200 OK"
2026-03-10 23:43:51,914 [INFO] HTTP Request: POST https://api.deepseek.com/chat/completions "HTTP/1.1 200 OK"
2026-03-10 23:43:53,209 [INFO] HTTP Request: POST https://api.deepseek.com/chat/completions "HTTP/1.1 200 OK"
2026-03-10 23:43:54,570 [INFO] HTTP Request: POST https://api.deepseek.com/chat/completions "HTTP/1.1 200 OK"
2026-03-10 23:43:55,808 [INFO] HTTP Request: POST https://api.deepseek.com/chat/completions "HTTP/1.1 200 OK"
2026-03-10 23:43:56,970 [INFO] HTTP Request: POST https://api.deepseek.com/chat/completions "HTTP/1.1 200 OK"
2026-03-10 23:43:58,493 [INFO] HTTP Request: POST https://api.deepseek.com/chat/completions "HTTP/1.1 200 OK"
2026-03-10 23:43:59,873 [INFO] HTTP Request: POST https://api.deepseek.com/chat/completions "HTTP/1.1 200 OK"
2026-03-10 23:44:01,244 [INFO] HTTP Request: POST https://api.deepseek.com/chat/completions "HTTP/1.1 200 OK"
2026-03-10 23:44:02,640 [INFO] HTTP Request: POST https://api.deepseek.com/chat/completions "HTTP/1.1 200 OK"
2026-03-10 23:44:03,832 [INFO] HTTP Request: POST https://api.deepseek.com/chat/completions "HTTP/1.1 200 OK"
2026-03-10 23:44:05,363 [INFO] HTTP Request: POST https://api.deepseek.com/chat/completions "HTTP/1.1 200 OK"
2026-03-10 23:44:06,669 [INFO] HTTP Request: POST https://api.deepseek.com/chat/completions "HTTP/1.1 200 OK"
2026-03-10 23:44:08,051 [INFO] HTTP Request: POST https://api.deepseek.com/chat/completions "HTTP/1.1 200 OK"
2026-03-10 23:44:09,404 [INFO] HTTP Request: POST https://api.deepseek.com/chat/completions "HTTP/1.1 200 OK"
2026-03-10 23:44:10,835 [INFO] HTTP Request: POST https://api.deepseek.com/chat/completions "HTTP/1.1 200 OK"
2026-03-10 23:44:12,252 [INFO] HTTP Request: POST https://api.deepseek.com/chat/completions "HTTP/1.1 200 OK"
2026-03-10 23:44:13,660 [INFO] HTTP Request: POST https://api.deepseek.com/chat/completions "HTTP/1.1 200 OK"
2026-03-10 23:44:14,957 [INFO] HTTP Request: POST https://api.deepseek.com/chat/completions "HTTP/1.1 200 OK"
2026-03-10 23:44:16,402 [INFO] HTTP Request: POST https://api.deepseek.com/chat/completions "HTTP/1.1 200 OK"
2026-03-10 23:44:18,104 [INFO] HTTP Request: POST https://api.deepseek.com/chat/completions "HTTP/1.1 200 OK"
2026-03-10 23:44:23,187 [INFO] HTTP Request: POST https://api.deepseek.com/chat/completions "HTTP/1.1 200 OK"
2026-03-10 23:44:24,990 [INFO] HTTP Request: POST https://api.deepseek.com/chat/completions "HTTP/1.1 200 OK"
2026-03-10 23:44:26,551 [INFO] HTTP Request: POST https://api.deepseek.com/chat/completions "HTTP/1.1 200 OK"
2026-03-10 23:44:28,087 [INFO] HTTP Request: POST https://api.deepseek.com/chat/completions "HTTP/1.1 200 OK"
2026-03-10 23:44:29,691 [INFO] HTTP Request: POST https://api.deepseek.com/chat/completions "HTTP/1.1 200 OK"
2026-03-10 23:44:31,088 [INFO] HTTP Request: POST https://api.deepseek.com/chat/completions "HTTP/1.1 200 OK"
2026-03-10 23:44:32,327 [INFO] HTTP Request: POST https://api.deepseek.com/chat/completions "HTTP/1.1 200 OK"
2026-03-10 23:44:33,570 [INFO] HTTP Request: POST https://api.deepseek.com/chat/completions "HTTP/1.1 200 OK"
2026-03-10 23:44:35,117 [INFO] HTTP Request: POST https://api.deepseek.com/chat/completions "HTTP/1.1 200 OK"
2026-03-10 23:44:36,416 [INFO] HTTP Request: POST https://api.deepseek.com/chat/completions "HTTP/1.1 200 OK"
2026-03-10 23:44:37,737 [INFO] HTTP Request: POST https://api.deepseek.com/chat/completions "HTTP/1.1 200 OK"
2026-03-10 23:44:38,915 [INFO] HTTP Request: POST https://api.deepseek.com/chat/completions "HTTP/1.1 200 OK"
2026-03-10 23:44:40,197 [INFO] HTTP Request: POST https://api.deepseek.com/chat/completions "HTTP/1.1 200 OK"
2026-03-10 23:44:41,554 [INFO] HTTP Request: POST https://api.deepseek.com/chat/completions "HTTP/1.1 200 OK"
2026-03-10 23:44:42,860 [INFO] HTTP Request: POST https://api.deepseek.com/chat/completions "HTTP/1.1 200 OK"
2026-03-10 23:44:44,366 [INFO] HTTP Request: POST https://api.deepseek.com/chat/completions "HTTP/1.1 200 OK"
2026-03-10 23:44:45,743 [INFO] HTTP Request: POST https://api.deepseek.com/chat/completions "HTTP/1.1 200 OK"
2026-03-10 23:44:47,237 [INFO] HTTP Request: POST https://api.deepseek.com/chat/completions "HTTP/1.1 200 OK"
2026-03-10 23:44:48,508 [INFO] HTTP Request: POST https://api.deepseek.com/chat/completions "HTTP/1.1 200 OK"
2026-03-10 23:44:49,957 [INFO] HTTP Request: POST https://api.deepseek.com/chat/completions "HTTP/1.1 200 OK"
2026-03-10 23:44:51,204 [INFO] HTTP Request: POST https://api.deepseek.com/chat/completions "HTTP/1.1 200 OK"
2026-03-10 23:44:52,780 [INFO] HTTP Request: POST https://api.deepseek.com/chat/completions "HTTP/1.1 200 OK"
2026-03-10 23:44:54,226 [INFO] HTTP Request: POST https://api.deepseek.com/chat/completions "HTTP/1.1 200 OK"
2026-03-10 23:44:59,063 [INFO] HTTP Request: POST https://api.deepseek.com/chat/completions "HTTP/1.1 200 OK"
2026-03-10 23:45:00,487 [INFO] HTTP Request: POST https://api.deepseek.com/chat/completions "HTTP/1.1 200 OK"
2026-03-10 23:45:01,935 [INFO] HTTP Request: POST https://api.deepseek.com/chat/completions "HTTP/1.1 200 OK"
2026-03-10 23:45:03,976 [INFO] HTTP Request: POST https://api.deepseek.com/chat/completions "HTTP/1.1 200 OK"
2026-03-10 23:45:05,580 [INFO] HTTP Request: POST https://api.deepseek.com/chat/completions "HTTP/1.1 200 OK"
2026-03-10 23:45:06,881 [INFO] HTTP Request: POST https://api.deepseek.com/chat/completions "HTTP/1.1 200 OK"
2026-03-10 23:45:08,510 [INFO] HTTP Request: POST https://api.deepseek.com/chat/completions "HTTP/1.1 200 OK"
2026-03-10 23:45:09,827 [INFO] HTTP Request: POST https://api.deepseek.com/chat/completions "HTTP/1.1 200 OK"
2026-03-10 23:45:11,591 [INFO] HTTP Request: POST https://api.deepseek.com/chat/completions "HTTP/1.1 200 OK"
2026-03-10 23:45:13,074 [INFO] HTTP Request: POST https://api.deepseek.com/chat/completions "HTTP/1.1 200 OK"
2026-03-10 23:45:14,482 [INFO] HTTP Request: POST https://api.deepseek.com/chat/completions "HTTP/1.1 200 OK"
2026-03-10 23:45:16,014 [INFO] HTTP Request: POST https://api.deepseek.com/chat/completions "HTTP/1.1 200 OK"
2026-03-10 23:45:17,305 [INFO] HTTP Request: POST https://api.deepseek.com/chat/completions "HTTP/1.1 200 OK"
2026-03-10 23:45:18,570 [INFO] HTTP Request: POST https://api.deepseek.com/chat/completions "HTTP/1.1 200 OK"
2026-03-10 23:45:19,886 [INFO] HTTP Request: POST https://api.deepseek.com/chat/completions "HTTP/1.1 200 OK"
2026-03-10 23:45:21,409 [INFO] HTTP Request: POST https://api.deepseek.com/chat/completions "HTTP/1.1 200 OK"
2026-03-10 23:45:22,700 [INFO] HTTP Request: POST https://api.deepseek.com/chat/completions "HTTP/1.1 200 OK"
2026-03-10 23:45:24,146 [INFO] HTTP Request: POST https://api.deepseek.com/chat/completions "HTTP/1.1 200 OK"
2026-03-10 23:45:25,831 [INFO] HTTP Request: POST https://api.deepseek.com/chat/completions "HTTP/1.1 200 OK"
2026-03-10 23:45:27,143 [INFO] HTTP Request: POST https://api.deepseek.com/chat/completions "HTTP/1.1 200 OK"
2026-03-10 23:45:28,660 [INFO] HTTP Request: POST https://api.deepseek.com/chat/completions "HTTP/1.1 200 OK"
2026-03-10 23:45:30,157 [INFO] HTTP Request: POST https://api.deepseek.com/chat/completions "HTTP/1.1 200 OK"
2026-03-10 23:45:35,202 [INFO] HTTP Request: POST https://api.deepseek.com/chat/completions "HTTP/1.1 200 OK"
2026-03-10 23:45:36,746 [INFO] HTTP Request: POST https://api.deepseek.com/chat/completions "HTTP/1.1 200 OK"
2026-03-10 23:45:38,169 [INFO] HTTP Request: POST https://api.deepseek.com/chat/completions "HTTP/1.1 200 OK"
2026-03-10 23:45:39,726 [INFO] HTTP Request: POST https://api.deepseek.com/chat/completions "HTTP/1.1 200 OK"
2026-03-10 23:45:41,230 [INFO] HTTP Request: POST https://api.deepseek.com/chat/completions "HTTP/1.1 200 OK"
2026-03-10 23:45:42,690 [INFO] HTTP Request: POST https://api.deepseek.com/chat/completions "HTTP/1.1 200 OK"
2026-03-10 23:45:44,193 [INFO] HTTP Request: POST https://api.deepseek.com/chat/completions "HTTP/1.1 200 OK"
2026-03-10 23:45:45,704 [INFO] HTTP Request: POST https://api.deepseek.com/chat/completions "HTTP/1.1 200 OK"
2026-03-10 23:45:47,043 [INFO] HTTP Request: POST https://api.deepseek.com/chat/completions "HTTP/1.1 200 OK"
2026-03-10 23:45:48,590 [INFO] HTTP Request: POST https://api.deepseek.com/chat/completions "HTTP/1.1 200 OK"
2026-03-10 23:45:50,056 [INFO] HTTP Request: POST https://api.deepseek.com/chat/completions "HTTP/1.1 200 OK"
2026-03-10 23:45:51,529 [INFO] HTTP Request: POST https://api.deepseek.com/chat/completions "HTTP/1.1 200 OK"
2026-03-10 23:45:53,039 [INFO] HTTP Request: POST https://api.deepseek.com/chat/completions "HTTP/1.1 200 OK"
2026-03-10 23:45:54,535 [INFO] HTTP Request: POST https://api.deepseek.com/chat/completions "HTTP/1.1 200 OK"
2026-03-10 23:45:56,169 [INFO] HTTP Request: POST https://api.deepseek.com/chat/completions "HTTP/1.1 200 OK"
2026-03-10 23:45:57,508 [INFO] HTTP Request: POST https://api.deepseek.com/chat/completions "HTTP/1.1 200 OK"
2026-03-10 23:45:58,638 [INFO] HTTP Request: POST https://api.deepseek.com/chat/completions "HTTP/1.1 200 OK"
2026-03-10 23:46:00,169 [INFO] HTTP Request: POST https://api.deepseek.com/chat/completions "HTTP/1.1 200 OK"
2026-03-10 23:46:01,580 [INFO] HTTP Request: POST https://api.deepseek.com/chat/completions "HTTP/1.1 200 OK"
2026-03-10 23:46:03,124 [INFO] HTTP Request: POST https://api.deepseek.com/chat/completions "HTTP/1.1 200 OK"
2026-03-10 23:46:04,456 [INFO] HTTP Request: POST https://api.deepseek.com/chat/completions "HTTP/1.1 200 OK"
2026-03-10 23:46:05,967 [INFO] HTTP Request: POST https://api.deepseek.com/chat/completions "HTTP/1.1 200 OK"
2026-03-10 23:46:10,952 [INFO] HTTP Request: POST https://api.deepseek.com/chat/completions "HTTP/1.1 200 OK"
2026-03-10 23:46:12,200 [INFO] HTTP Request: POST https://api.deepseek.com/chat/completions "HTTP/1.1 200 OK"
2026-03-10 23:46:14,133 [INFO] HTTP Request: POST https://api.deepseek.com/chat/completions "HTTP/1.1 200 OK"
2026-03-10 23:46:15,761 [INFO] HTTP Request: POST https://api.deepseek.com/chat/completions "HTTP/1.1 200 OK"
2026-03-10 23:46:17,350 [INFO] HTTP Request: POST https://api.deepseek.com/chat/completions "HTTP/1.1 200 OK"
2026-03-10 23:46:18,773 [INFO] HTTP Request: POST https://api.deepseek.com/chat/completions "HTTP/1.1 200 OK"
2026-03-10 23:46:20,322 [INFO] HTTP Request: POST https://api.deepseek.com/chat/completions "HTTP/1.1 200 OK"
2026-03-10 23:46:21,704 [INFO] HTTP Request: POST https://api.deepseek.com/chat/completions "HTTP/1.1 200 OK"
2026-03-10 23:46:23,462 [INFO] HTTP Request: POST https://api.deepseek.com/chat/completions "HTTP/1.1 200 OK"
2026-03-10 23:46:24,993 [INFO] HTTP Request: POST https://api.deepseek.com/chat/completions "HTTP/1.1 200 OK"
2026-03-10 23:46:26,675 [INFO] HTTP Request: POST https://api.deepseek.com/chat/completions "HTTP/1.1 200 OK"
2026-03-10 23:46:28,280 [INFO] HTTP Request: POST https://api.deepseek.com/chat/completions "HTTP/1.1 200 OK"
2026-03-10 23:46:29,842 [INFO] HTTP Request: POST https://api.deepseek.com/chat/completions "HTTP/1.1 200 OK"
2026-03-10 23:46:31,130 [INFO] HTTP Request: POST https://api.deepseek.com/chat/completions "HTTP/1.1 200 OK"
2026-03-10 23:46:32,721 [INFO] HTTP Request: POST https://api.deepseek.com/chat/completions "HTTP/1.1 200 OK"
2026-03-10 23:46:33,889 [INFO] HTTP Request: POST https://api.deepseek.com/chat/completions "HTTP/1.1 200 OK"
2026-03-10 23:46:35,123 [INFO] HTTP Request: POST https://api.deepseek.com/chat/completions "HTTP/1.1 200 OK"
2026-03-10 23:46:36,709 [INFO] HTTP Request: POST https://api.deepseek.com/chat/completions "HTTP/1.1 200 OK"
2026-03-10 23:46:37,911 [INFO] HTTP Request: POST https://api.deepseek.com/chat/completions "HTTP/1.1 200 OK"
2026-03-10 23:46:39,611 [INFO] HTTP Request: POST https://api.deepseek.com/chat/completions "HTTP/1.1 200 OK"
2026-03-10 23:46:41,200 [INFO] HTTP Request: POST https://api.deepseek.com/chat/completions "HTTP/1.1 200 OK"
2026-03-10 23:46:42,681 [INFO] HTTP Request: POST https://api.deepseek.com/chat/completions "HTTP/1.1 200 OK"
2026-03-10 23:46:47,455 [INFO] HTTP Request: POST https://api.deepseek.com/chat/completions "HTTP/1.1 200 OK"
2026-03-10 23:46:48,614 [INFO] HTTP Request: POST https://api.deepseek.com/chat/completions "HTTP/1.1 200 OK"
2026-03-10 23:46:49,995 [INFO] HTTP Request: POST https://api.deepseek.com/chat/completions "HTTP/1.1 200 OK"
2026-03-10 23:46:51,515 [INFO] HTTP Request: POST https://api.deepseek.com/chat/completions "HTTP/1.1 200 OK"
2026-03-10 23:46:53,382 [INFO] HTTP Request: POST https://api.deepseek.com/chat/completions "HTTP/1.1 200 OK"
2026-03-10 23:46:54,593 [INFO] HTTP Request: POST https://api.deepseek.com/chat/completions "HTTP/1.1 200 OK"
2026-03-10 23:46:56,047 [INFO] HTTP Request: POST https://api.deepseek.com/chat/completions "HTTP/1.1 200 OK"
2026-03-10 23:46:57,930 [INFO] HTTP Request: POST https://api.deepseek.com/chat/completions "HTTP/1.1 200 OK"
2026-03-10 23:46:59,364 [INFO] HTTP Request: POST https://api.deepseek.com/chat/completions "HTTP/1.1 200 OK"
2026-03-10 23:47:00,929 [INFO] HTTP Request: POST https://api.deepseek.com/chat/completions "HTTP/1.1 200 OK"
2026-03-10 23:47:02,321 [INFO] HTTP Request: POST https://api.deepseek.com/chat/completions "HTTP/1.1 200 OK"
2026-03-10 23:47:03,516 [INFO] HTTP Request: POST https://api.deepseek.com/chat/completions "HTTP/1.1 200 OK"
2026-03-10 23:47:05,082 [INFO] HTTP Request: POST https://api.deepseek.com/chat/completions "HTTP/1.1 200 OK"
2026-03-10 23:47:06,501 [INFO] HTTP Request: POST https://api.deepseek.com/chat/completions "HTTP/1.1 200 OK"
2026-03-10 23:47:07,779 [INFO] HTTP Request: POST https://api.deepseek.com/chat/completions "HTTP/1.1 200 OK"
2026-03-10 23:47:09,240 [INFO] HTTP Request: POST https://api.deepseek.com/chat/completions "HTTP/1.1 200 OK"
2026-03-10 23:47:10,827 [INFO] HTTP Request: POST https://api.deepseek.com/chat/completions "HTTP/1.1 200 OK"
2026-03-10 23:47:12,281 [INFO] HTTP Request: POST https://api.deepseek.com/chat/completions "HTTP/1.1 200 OK"
2026-03-10 23:47:13,813 [INFO] HTTP Request: POST https://api.deepseek.com/chat/completions "HTTP/1.1 200 OK"
2026-03-10 23:47:15,365 [INFO] HTTP Request: POST https://api.deepseek.com/chat/completions "HTTP/1.1 200 OK"
2026-03-10 23:47:16,764 [INFO] HTTP Request: POST https://api.deepseek.com/chat/completions "HTTP/1.1 200 OK"
2026-03-10 23:47:18,112 [INFO] HTTP Request: POST https://api.deepseek.com/chat/completions "HTTP/1.1 200 OK"
2026-03-10 23:47:22,935 [INFO] HTTP Request: POST https://api.deepseek.com/chat/completions "HTTP/1.1 200 OK"
2026-03-10 23:47:24,482 [INFO] HTTP Request: POST https://api.deepseek.com/chat/completions "HTTP/1.1 200 OK"
2026-03-10 23:47:25,869 [INFO] HTTP Request: POST https://api.deepseek.com/chat/completions "HTTP/1.1 200 OK"
2026-03-10 23:47:27,370 [INFO] HTTP Request: POST https://api.deepseek.com/chat/completions "HTTP/1.1 200 OK"
2026-03-10 23:47:28,819 [INFO] HTTP Request: POST https://api.deepseek.com/chat/completions "HTTP/1.1 200 OK"
2026-03-10 23:47:30,394 [INFO] HTTP Request: POST https://api.deepseek.com/chat/completions "HTTP/1.1 200 OK"
2026-03-10 23:47:31,793 [INFO] HTTP Request: POST https://api.deepseek.com/chat/completions "HTTP/1.1 200 OK"
2026-03-10 23:47:32,988 [INFO] HTTP Request: POST https://api.deepseek.com/chat/completions "HTTP/1.1 200 OK"
2026-03-10 23:47:34,396 [INFO] HTTP Request: POST https://api.deepseek.com/chat/completions "HTTP/1.1 200 OK"
2026-03-10 23:47:35,803 [INFO] HTTP Request: POST https://api.deepseek.com/chat/completions "HTTP/1.1 200 OK"
2026-03-10 23:47:37,198 [INFO] HTTP Request: POST https://api.deepseek.com/chat/completions "HTTP/1.1 200 OK"
2026-03-10 23:47:38,738 [INFO] HTTP Request: POST https://api.deepseek.com/chat/completions "HTTP/1.1 200 OK"
2026-03-10 23:47:40,340 [INFO] HTTP Request: POST https://api.deepseek.com/chat/completions "HTTP/1.1 200 OK"
2026-03-10 23:47:41,682 [INFO] HTTP Request: POST https://api.deepseek.com/chat/completions "HTTP/1.1 200 OK"
2026-03-10 23:47:43,161 [INFO] HTTP Request: POST https://api.deepseek.com/chat/completions "HTTP/1.1 200 OK"
2026-03-10 23:47:44,655 [INFO] HTTP Request: POST https://api.deepseek.com/chat/completions "HTTP/1.1 200 OK"
2026-03-10 23:47:46,115 [INFO] HTTP Request: POST https://api.deepseek.com/chat/completions "HTTP/1.1 200 OK"
2026-03-10 23:47:47,418 [INFO] HTTP Request: POST https://api.deepseek.com/chat/completions "HTTP/1.1 200 OK"
2026-03-10 23:47:48,725 [INFO] HTTP Request: POST https://api.deepseek.com/chat/completions "HTTP/1.1 200 OK"
2026-03-10 23:47:49,885 [INFO] HTTP Request: POST https://api.deepseek.com/chat/completions "HTTP/1.1 200 OK"
2026-03-10 23:47:51,314 [INFO] HTTP Request: POST https://api.deepseek.com/chat/completions "HTTP/1.1 200 OK"
2026-03-10 23:47:52,697 [INFO] HTTP Request: POST https://api.deepseek.com/chat/completions "HTTP/1.1 200 OK"
2026-03-10 23:47:54,031 [INFO] HTTP Request: POST https://api.deepseek.com/chat/completions "HTTP/1.1 200 OK"
2026-03-10 23:47:59,052 [INFO] HTTP Request: POST https://api.deepseek.com/chat/completions "HTTP/1.1 200 OK"
2026-03-10 23:48:01,006 [INFO] HTTP Request: POST https://api.deepseek.com/chat/completions "HTTP/1.1 200 OK"
2026-03-10 23:48:02,517 [INFO] HTTP Request: POST https://api.deepseek.com/chat/completions "HTTP/1.1 200 OK"
2026-03-10 23:48:04,008 [INFO] HTTP Request: POST https://api.deepseek.com/chat/completions "HTTP/1.1 200 OK"
2026-03-10 23:48:05,463 [INFO] HTTP Request: POST https://api.deepseek.com/chat/completions "HTTP/1.1 200 OK"
2026-03-10 23:48:07,043 [INFO] HTTP Request: POST https://api.deepseek.com/chat/completions "HTTP/1.1 200 OK"
2026-03-10 23:48:08,333 [INFO] HTTP Request: POST https://api.deepseek.com/chat/completions "HTTP/1.1 200 OK"
2026-03-10 23:48:09,950 [INFO] HTTP Request: POST https://api.deepseek.com/chat/completions "HTTP/1.1 200 OK"
2026-03-10 23:48:11,503 [INFO] HTTP Request: POST https://api.deepseek.com/chat/completions "HTTP/1.1 200 OK"
2026-03-10 23:48:12,956 [INFO] HTTP Request: POST https://api.deepseek.com/chat/completions "HTTP/1.1 200 OK"
2026-03-10 23:48:14,496 [INFO] HTTP Request: POST https://api.deepseek.com/chat/completions "HTTP/1.1 200 OK"
2026-03-10 23:48:15,975 [INFO] HTTP Request: POST https://api.deepseek.com/chat/completions "HTTP/1.1 200 OK"
2026-03-10 23:48:17,393 [INFO] HTTP Request: POST https://api.deepseek.com/chat/completions "HTTP/1.1 200 OK"
2026-03-10 23:48:18,965 [INFO] HTTP Request: POST https://api.deepseek.com/chat/completions "HTTP/1.1 200 OK"
2026-03-10 23:48:20,454 [INFO] HTTP Request: POST https://api.deepseek.com/chat/completions "HTTP/1.1 200 OK"
2026-03-10 23:48:21,695 [INFO] HTTP Request: POST https://api.deepseek.com/chat/completions "HTTP/1.1 200 OK"
2026-03-10 23:48:23,153 [INFO] HTTP Request: POST https://api.deepseek.com/chat/completions "HTTP/1.1 200 OK"
2026-03-10 23:48:24,739 [INFO] HTTP Request: POST https://api.deepseek.com/chat/completions "HTTP/1.1 200 OK"
2026-03-10 23:48:26,294 [INFO] HTTP Request: POST https://api.deepseek.com/chat/completions "HTTP/1.1 200 OK"
2026-03-10 23:48:27,772 [INFO] HTTP Request: POST https://api.deepseek.com/chat/completions "HTTP/1.1 200 OK"
2026-03-10 23:48:29,290 [INFO] HTTP Request: POST https://api.deepseek.com/chat/completions "HTTP/1.1 200 OK"
2026-03-10 23:48:34,403 [INFO] HTTP Request: POST https://api.deepseek.com/chat/completions "HTTP/1.1 200 OK"
2026-03-10 23:48:36,065 [INFO] HTTP Request: POST https://api.deepseek.com/chat/completions "HTTP/1.1 200 OK"
2026-03-10 23:48:37,363 [INFO] HTTP Request: POST https://api.deepseek.com/chat/completions "HTTP/1.1 200 OK"
2026-03-10 23:48:38,704 [INFO] HTTP Request: POST https://api.deepseek.com/chat/completions "HTTP/1.1 200 OK"
2026-03-10 23:48:40,048 [INFO] HTTP Request: POST https://api.deepseek.com/chat/completions "HTTP/1.1 200 OK"
2026-03-10 23:48:41,404 [INFO] HTTP Request: POST https://api.deepseek.com/chat/completions "HTTP/1.1 200 OK"
2026-03-10 23:48:42,968 [INFO] HTTP Request: POST https://api.deepseek.com/chat/completions "HTTP/1.1 200 OK"
2026-03-10 23:48:44,286 [INFO] HTTP Request: POST https://api.deepseek.com/chat/completions "HTTP/1.1 200 OK"
2026-03-10 23:48:45,594 [INFO] HTTP Request: POST https://api.deepseek.com/chat/completions "HTTP/1.1 200 OK"
2026-03-10 23:48:47,119 [INFO] HTTP Request: POST https://api.deepseek.com/chat/completions "HTTP/1.1 200 OK"
2026-03-10 23:48:48,841 [INFO] HTTP Request: POST https://api.deepseek.com/chat/completions "HTTP/1.1 200 OK"
2026-03-10 23:48:50,488 [INFO] HTTP Request: POST https://api.deepseek.com/chat/completions "HTTP/1.1 200 OK"
2026-03-10 23:48:51,886 [INFO] HTTP Request: POST https://api.deepseek.com/chat/completions "HTTP/1.1 200 OK"
2026-03-10 23:48:53,472 [INFO] HTTP Request: POST https://api.deepseek.com/chat/completions "HTTP/1.1 200 OK"
2026-03-10 23:48:55,071 [INFO] HTTP Request: POST https://api.deepseek.com/chat/completions "HTTP/1.1 200 OK"
2026-03-10 23:48:56,375 [INFO] HTTP Request: POST https://api.deepseek.com/chat/completions "HTTP/1.1 200 OK"
2026-03-10 23:48:57,888 [INFO] HTTP Request: POST https://api.deepseek.com/chat/completions "HTTP/1.1 200 OK"
2026-03-10 23:48:59,200 [INFO] HTTP Request: POST https://api.deepseek.com/chat/completions "HTTP/1.1 200 OK"
2026-03-10 23:49:00,527 [INFO] HTTP Request: POST https://api.deepseek.com/chat/completions "HTTP/1.1 200 OK"
2026-03-10 23:49:02,153 [INFO] HTTP Request: POST https://api.deepseek.com/chat/completions "HTTP/1.1 200 OK"
2026-03-10 23:49:03,570 [INFO] HTTP Request: POST https://api.deepseek.com/chat/completions "HTTP/1.1 200 OK"
2026-03-10 23:49:05,312 [INFO] HTTP Request: POST https://api.deepseek.com/chat/completions "HTTP/1.1 200 OK"
2026-03-10 23:49:10,638 [INFO] HTTP Request: POST https://api.deepseek.com/chat/completions "HTTP/1.1 200 OK"
2026-03-10 23:49:12,034 [INFO] HTTP Request: POST https://api.deepseek.com/chat/completions "HTTP/1.1 200 OK"
2026-03-10 23:49:13,465 [INFO] HTTP Request: POST https://api.deepseek.com/chat/completions "HTTP/1.1 200 OK"
2026-03-10 23:49:14,997 [INFO] HTTP Request: POST https://api.deepseek.com/chat/completions "HTTP/1.1 200 OK"
2026-03-10 23:49:16,594 [INFO] HTTP Request: POST https://api.deepseek.com/chat/completions "HTTP/1.1 200 OK"
2026-03-10 23:49:18,194 [INFO] HTTP Request: POST https://api.deepseek.com/chat/completions "HTTP/1.1 200 OK"
2026-03-10 23:49:19,444 [INFO] HTTP Request: POST https://api.deepseek.com/chat/completions "HTTP/1.1 200 OK"
2026-03-10 23:49:21,103 [INFO] HTTP Request: POST https://api.deepseek.com/chat/completions "HTTP/1.1 200 OK"
2026-03-10 23:49:22,737 [INFO] HTTP Request: POST https://api.deepseek.com/chat/completions "HTTP/1.1 200 OK"
2026-03-10 23:49:24,256 [INFO] HTTP Request: POST https://api.deepseek.com/chat/completions "HTTP/1.1 200 OK"
2026-03-10 23:49:25,802 [INFO] HTTP Request: POST https://api.deepseek.com/chat/completions "HTTP/1.1 200 OK"
2026-03-10 23:49:27,257 [INFO] HTTP Request: POST https://api.deepseek.com/chat/completions "HTTP/1.1 200 OK"
2026-03-10 23:49:28,413 [INFO] HTTP Request: POST https://api.deepseek.com/chat/completions "HTTP/1.1 200 OK"
2026-03-10 23:49:29,849 [INFO] HTTP Request: POST https://api.deepseek.com/chat/completions "HTTP/1.1 200 OK"
2026-03-10 23:49:31,244 [INFO] HTTP Request: POST https://api.deepseek.com/chat/completions "HTTP/1.1 200 OK"
2026-03-10 23:49:32,614 [INFO] HTTP Request: POST https://api.deepseek.com/chat/completions "HTTP/1.1 200 OK"
2026-03-10 23:49:34,221 [INFO] HTTP Request: POST https://api.deepseek.com/chat/completions "HTTP/1.1 200 OK"
2026-03-10 23:49:35,674 [INFO] HTTP Request: POST https://api.deepseek.com/chat/completions "HTTP/1.1 200 OK"
2026-03-10 23:49:37,294 [INFO] HTTP Request: POST https://api.deepseek.com/chat/completions "HTTP/1.1 200 OK"
2026-03-10 23:49:38,641 [INFO] HTTP Request: POST https://api.deepseek.com/chat/completions "HTTP/1.1 200 OK"
2026-03-10 23:49:40,027 [INFO] HTTP Request: POST https://api.deepseek.com/chat/completions "HTTP/1.1 200 OK"
2026-03-10 23:49:41,583 [INFO] HTTP Request: POST https://api.deepseek.com/chat/completions "HTTP/1.1 200 OK"
2026-03-10 23:49:46,672 [INFO] HTTP Request: POST https://api.deepseek.com/chat/completions "HTTP/1.1 200 OK"
2026-03-10 23:49:48,022 [INFO] HTTP Request: POST https://api.deepseek.com/chat/completions "HTTP/1.1 200 OK"
2026-03-10 23:49:49,652 [INFO] HTTP Request: POST https://api.deepseek.com/chat/completions "HTTP/1.1 200 OK"
2026-03-10 23:49:51,157 [INFO] HTTP Request: POST https://api.deepseek.com/chat/completions "HTTP/1.1 200 OK"
2026-03-10 23:49:52,520 [INFO] HTTP Request: POST https://api.deepseek.com/chat/completions "HTTP/1.1 200 OK"
2026-03-10 23:49:53,849 [INFO] HTTP Request: POST https://api.deepseek.com/chat/completions "HTTP/1.1 200 OK"
2026-03-10 23:49:55,185 [INFO] HTTP Request: POST https://api.deepseek.com/chat/completions "HTTP/1.1 200 OK"
2026-03-10 23:49:56,667 [INFO] HTTP Request: POST https://api.deepseek.com/chat/completions "HTTP/1.1 200 OK"
2026-03-10 23:49:58,215 [INFO] HTTP Request: POST https://api.deepseek.com/chat/completions "HTTP/1.1 200 OK"
2026-03-10 23:49:59,987 [INFO] HTTP Request: POST https://api.deepseek.com/chat/completions "HTTP/1.1 200 OK"
2026-03-10 23:50:01,535 [INFO] HTTP Request: POST https://api.deepseek.com/chat/completions "HTTP/1.1 200 OK"
2026-03-10 23:50:03,051 [INFO] HTTP Request: POST https://api.deepseek.com/chat/completions "HTTP/1.1 200 OK"
2026-03-10 23:50:04,817 [INFO] HTTP Request: POST https://api.deepseek.com/chat/completions "HTTP/1.1 200 OK"
2026-03-10 23:50:06,437 [INFO] HTTP Request: POST https://api.deepseek.com/chat/completions "HTTP/1.1 200 OK"
2026-03-10 23:50:07,772 [INFO] HTTP Request: POST https://api.deepseek.com/chat/completions "HTTP/1.1 200 OK"
2026-03-10 23:50:09,320 [INFO] HTTP Request: POST https://api.deepseek.com/chat/completions "HTTP/1.1 200 OK"
2026-03-10 23:50:10,752 [INFO] HTTP Request: POST https://api.deepseek.com/chat/completions "HTTP/1.1 200 OK"
2026-03-10 23:50:12,118 [INFO] HTTP Request: POST https://api.deepseek.com/chat/completions "HTTP/1.1 200 OK"
2026-03-10 23:50:13,781 [INFO] HTTP Request: POST https://api.deepseek.com/chat/completions "HTTP/1.1 200 OK"
2026-03-10 23:50:15,207 [INFO] HTTP Request: POST https://api.deepseek.com/chat/completions "HTTP/1.1 200 OK"
2026-03-10 23:50:16,924 [INFO] HTTP Request: POST https://api.deepseek.com/chat/completions "HTTP/1.1 200 OK"
2026-03-10 23:50:22,086 [INFO] HTTP Request: POST https://api.deepseek.com/chat/completions "HTTP/1.1 200 OK"
2026-03-10 23:50:23,366 [INFO] HTTP Request: POST https://api.deepseek.com/chat/completions "HTTP/1.1 200 OK"
2026-03-10 23:50:24,804 [INFO] HTTP Request: POST https://api.deepseek.com/chat/completions "HTTP/1.1 200 OK"
2026-03-10 23:50:26,442 [INFO] HTTP Request: POST https://api.deepseek.com/chat/completions "HTTP/1.1 200 OK"
2026-03-10 23:50:27,891 [INFO] HTTP Request: POST https://api.deepseek.com/chat/completions "HTTP/1.1 200 OK"
2026-03-10 23:50:29,411 [INFO] HTTP Request: POST https://api.deepseek.com/chat/completions "HTTP/1.1 200 OK"
2026-03-10 23:50:30,999 [INFO] HTTP Request: POST https://api.deepseek.com/chat/completions "HTTP/1.1 200 OK"
2026-03-10 23:50:32,451 [INFO] HTTP Request: POST https://api.deepseek.com/chat/completions "HTTP/1.1 200 OK"
2026-03-10 23:50:34,130 [INFO] HTTP Request: POST https://api.deepseek.com/chat/completions "HTTP/1.1 200 OK"
2026-03-10 23:50:35,484 [INFO] HTTP Request: POST https://api.deepseek.com/chat/completions "HTTP/1.1 200 OK"
2026-03-10 23:50:37,035 [INFO] HTTP Request: POST https://api.deepseek.com/chat/completions "HTTP/1.1 200 OK"
2026-03-10 23:50:38,603 [INFO] HTTP Request: POST https://api.deepseek.com/chat/completions "HTTP/1.1 200 OK"
2026-03-10 23:50:40,167 [INFO] HTTP Request: POST https://api.deepseek.com/chat/completions "HTTP/1.1 200 OK"
2026-03-10 23:50:41,721 [INFO] HTTP Request: POST https://api.deepseek.com/chat/completions "HTTP/1.1 200 OK"
2026-03-10 23:50:43,363 [INFO] HTTP Request: POST https://api.deepseek.com/chat/completions "HTTP/1.1 200 OK"
2026-03-10 23:50:45,019 [INFO] HTTP Request: POST https://api.deepseek.com/chat/completions "HTTP/1.1 200 OK"
2026-03-10 23:50:46,338 [INFO] HTTP Request: POST https://api.deepseek.com/chat/completions "HTTP/1.1 200 OK"
2026-03-10 23:50:47,868 [INFO] HTTP Request: POST https://api.deepseek.com/chat/completions "HTTP/1.1 200 OK"
2026-03-10 23:50:49,144 [INFO] HTTP Request: POST https://api.deepseek.com/chat/completions "HTTP/1.1 200 OK"
2026-03-10 23:50:50,602 [INFO] HTTP Request: POST https://api.deepseek.com/chat/completions "HTTP/1.1 200 OK"
2026-03-10 23:50:51,909 [INFO] HTTP Request: POST https://api.deepseek.com/chat/completions "HTTP/1.1 200 OK"
2026-03-10 23:50:53,335 [INFO] HTTP Request: POST https://api.deepseek.com/chat/completions "HTTP/1.1 200 OK"
2026-03-10 23:50:58,414 [INFO] HTTP Request: POST https://api.deepseek.com/chat/completions "HTTP/1.1 200 OK"
2026-03-10 23:50:59,652 [INFO] HTTP Request: POST https://api.deepseek.com/chat/completions "HTTP/1.1 200 OK"
2026-03-10 23:51:00,963 [INFO] HTTP Request: POST https://api.deepseek.com/chat/completions "HTTP/1.1 200 OK"
2026-03-10 23:51:02,337 [INFO] HTTP Request: POST https://api.deepseek.com/chat/completions "HTTP/1.1 200 OK"
2026-03-10 23:51:03,772 [INFO] HTTP Request: POST https://api.deepseek.com/chat/completions "HTTP/1.1 200 OK"
2026-03-10 23:51:05,358 [INFO] HTTP Request: POST https://api.deepseek.com/chat/completions "HTTP/1.1 200 OK"
2026-03-10 23:51:07,588 [INFO] HTTP Request: POST https://api.deepseek.com/chat/completions "HTTP/1.1 200 OK"
2026-03-10 23:51:08,736 [INFO] HTTP Request: POST https://api.deepseek.com/chat/completions "HTTP/1.1 200 OK"
2026-03-10 23:51:10,167 [INFO] HTTP Request: POST https://api.deepseek.com/chat/completions "HTTP/1.1 200 OK"
2026-03-10 23:51:11,451 [INFO] HTTP Request: POST https://api.deepseek.com/chat/completions "HTTP/1.1 200 OK"
2026-03-10 23:51:12,966 [INFO] HTTP Request: POST https://api.deepseek.com/chat/completions "HTTP/1.1 200 OK"
2026-03-10 23:51:14,463 [INFO] HTTP Request: POST https://api.deepseek.com/chat/completions "HTTP/1.1 200 OK"
2026-03-10 23:51:15,640 [INFO] HTTP Request: POST https://api.deepseek.com/chat/completions "HTTP/1.1 200 OK"
2026-03-10 23:51:17,346 [INFO] HTTP Request: POST https://api.deepseek.com/chat/completions "HTTP/1.1 200 OK"
2026-03-10 23:51:18,487 [INFO]     game  1/10  first=baseline  →  direct wins  moves=29  496.6s
2026-03-10 23:51:19,396 [INFO] HTTP Request: POST https://api.deepseek.com/chat/completions "HTTP/1.1 200 OK"
2026-03-10 23:51:20,697 [INFO] HTTP Request: POST https://api.deepseek.com/chat/completions "HTTP/1.1 200 OK"
2026-03-10 23:51:21,949 [INFO] HTTP Request: POST https://api.deepseek.com/chat/completions "HTTP/1.1 200 OK"
2026-03-10 23:51:23,379 [INFO] HTTP Request: POST https://api.deepseek.com/chat/completions "HTTP/1.1 200 OK"
2026-03-10 23:51:24,895 [INFO] HTTP Request: POST https://api.deepseek.com/chat/completions "HTTP/1.1 200 OK"
2026-03-10 23:51:26,711 [INFO] HTTP Request: POST https://api.deepseek.com/chat/completions "HTTP/1.1 200 OK"
2026-03-10 23:51:28,330 [INFO] HTTP Request: POST https://api.deepseek.com/chat/completions "HTTP/1.1 200 OK"
2026-03-10 23:51:33,132 [INFO] HTTP Request: POST https://api.deepseek.com/chat/completions "HTTP/1.1 200 OK"
2026-03-10 23:51:34,383 [INFO] HTTP Request: POST https://api.deepseek.com/chat/completions "HTTP/1.1 200 OK"
2026-03-10 23:51:35,723 [INFO] HTTP Request: POST https://api.deepseek.com/chat/completions "HTTP/1.1 200 OK"
2026-03-10 23:51:37,206 [INFO] HTTP Request: POST https://api.deepseek.com/chat/completions "HTTP/1.1 200 OK"
2026-03-10 23:51:38,780 [INFO] HTTP Request: POST https://api.deepseek.com/chat/completions "HTTP/1.1 200 OK"
2026-03-10 23:51:40,024 [INFO] HTTP Request: POST https://api.deepseek.com/chat/completions "HTTP/1.1 200 OK"
2026-03-10 23:51:41,706 [INFO] HTTP Request: POST https://api.deepseek.com/chat/completions "HTTP/1.1 200 OK"
2026-03-10 23:51:43,123 [INFO] HTTP Request: POST https://api.deepseek.com/chat/completions "HTTP/1.1 200 OK"
2026-03-10 23:51:44,651 [INFO] HTTP Request: POST https://api.deepseek.com/chat/completions "HTTP/1.1 200 OK"
2026-03-10 23:51:45,980 [INFO] HTTP Request: POST https://api.deepseek.com/chat/completions "HTTP/1.1 200 OK"
2026-03-10 23:51:47,664 [INFO] HTTP Request: POST https://api.deepseek.com/chat/completions "HTTP/1.1 200 OK"
2026-03-10 23:51:48,913 [INFO] HTTP Request: POST https://api.deepseek.com/chat/completions "HTTP/1.1 200 OK"
2026-03-10 23:51:50,769 [INFO] HTTP Request: POST https://api.deepseek.com/chat/completions "HTTP/1.1 200 OK"
2026-03-10 23:51:52,028 [INFO] HTTP Request: POST https://api.deepseek.com/chat/completions "HTTP/1.1 200 OK"
2026-03-10 23:51:53,385 [INFO] HTTP Request: POST https://api.deepseek.com/chat/completions "HTTP/1.1 200 OK"
2026-03-10 23:51:54,874 [INFO] HTTP Request: POST https://api.deepseek.com/chat/completions "HTTP/1.1 200 OK"
2026-03-10 23:51:56,332 [INFO] HTTP Request: POST https://api.deepseek.com/chat/completions "HTTP/1.1 200 OK"
2026-03-10 23:51:58,014 [INFO] HTTP Request: POST https://api.deepseek.com/chat/completions "HTTP/1.1 200 OK"
2026-03-10 23:51:59,223 [INFO] HTTP Request: POST https://api.deepseek.com/chat/completions "HTTP/1.1 200 OK"
2026-03-10 23:52:00,777 [INFO] HTTP Request: POST https://api.deepseek.com/chat/completions "HTTP/1.1 200 OK"
2026-03-10 23:52:02,455 [INFO] HTTP Request: POST https://api.deepseek.com/chat/completions "HTTP/1.1 200 OK"
2026-03-10 23:52:03,811 [INFO] HTTP Request: POST https://api.deepseek.com/chat/completions "HTTP/1.1 200 OK"
2026-03-10 23:52:05,215 [INFO] HTTP Request: POST https://api.deepseek.com/chat/completions "HTTP/1.1 200 OK"
2026-03-10 23:52:10,267 [INFO] HTTP Request: POST https://api.deepseek.com/chat/completions "HTTP/1.1 200 OK"
2026-03-10 23:52:11,618 [INFO] HTTP Request: POST https://api.deepseek.com/chat/completions "HTTP/1.1 200 OK"
2026-03-10 23:52:13,090 [INFO] HTTP Request: POST https://api.deepseek.com/chat/completions "HTTP/1.1 200 OK"
2026-03-10 23:52:14,584 [INFO] HTTP Request: POST https://api.deepseek.com/chat/completions "HTTP/1.1 200 OK"
2026-03-10 23:52:16,222 [INFO] HTTP Request: POST https://api.deepseek.com/chat/completions "HTTP/1.1 200 OK"
2026-03-10 23:52:17,565 [INFO] HTTP Request: POST https://api.deepseek.com/chat/completions "HTTP/1.1 200 OK"
2026-03-10 23:52:18,921 [INFO] HTTP Request: POST https://api.deepseek.com/chat/completions "HTTP/1.1 200 OK"
2026-03-10 23:52:20,240 [INFO] HTTP Request: POST https://api.deepseek.com/chat/completions "HTTP/1.1 200 OK"
2026-03-10 23:52:21,724 [INFO] HTTP Request: POST https://api.deepseek.com/chat/completions "HTTP/1.1 200 OK"
2026-03-10 23:52:23,286 [INFO] HTTP Request: POST https://api.deepseek.com/chat/completions "HTTP/1.1 200 OK"
2026-03-10 23:52:24,894 [INFO] HTTP Request: POST https://api.deepseek.com/chat/completions "HTTP/1.1 200 OK"
2026-03-10 23:52:26,462 [INFO] HTTP Request: POST https://api.deepseek.com/chat/completions "HTTP/1.1 200 OK"
2026-03-10 23:52:28,037 [INFO] HTTP Request: POST https://api.deepseek.com/chat/completions "HTTP/1.1 200 OK"
2026-03-10 23:52:29,361 [INFO] HTTP Request: POST https://api.deepseek.com/chat/completions "HTTP/1.1 200 OK"
2026-03-10 23:52:30,741 [INFO] HTTP Request: POST https://api.deepseek.com/chat/completions "HTTP/1.1 200 OK"
2026-03-10 23:52:32,482 [INFO] HTTP Request: POST https://api.deepseek.com/chat/completions "HTTP/1.1 200 OK"
2026-03-10 23:52:34,031 [INFO] HTTP Request: POST https://api.deepseek.com/chat/completions "HTTP/1.1 200 OK"
2026-03-10 23:52:35,460 [INFO] HTTP Request: POST https://api.deepseek.com/chat/completions "HTTP/1.1 200 OK"
2026-03-10 23:52:36,934 [INFO] HTTP Request: POST https://api.deepseek.com/chat/completions "HTTP/1.1 200 OK"
2026-03-10 23:52:38,840 [INFO] HTTP Request: POST https://api.deepseek.com/chat/completions "HTTP/1.1 200 OK"
2026-03-10 23:52:40,475 [INFO] HTTP Request: POST https://api.deepseek.com/chat/completions "HTTP/1.1 200 OK"
2026-03-10 23:52:45,501 [INFO] HTTP Request: POST https://api.deepseek.com/chat/completions "HTTP/1.1 200 OK"
2026-03-10 23:52:47,070 [INFO] HTTP Request: POST https://api.deepseek.com/chat/completions "HTTP/1.1 200 OK"
2026-03-10 23:52:48,489 [INFO] HTTP Request: POST https://api.deepseek.com/chat/completions "HTTP/1.1 200 OK"
2026-03-10 23:52:49,986 [INFO] HTTP Request: POST https://api.deepseek.com/chat/completions "HTTP/1.1 200 OK"
2026-03-10 23:52:51,257 [INFO] HTTP Request: POST https://api.deepseek.com/chat/completions "HTTP/1.1 200 OK"
2026-03-10 23:52:52,711 [INFO] HTTP Request: POST https://api.deepseek.com/chat/completions "HTTP/1.1 200 OK"
2026-03-10 23:52:54,105 [INFO] HTTP Request: POST https://api.deepseek.com/chat/completions "HTTP/1.1 200 OK"
2026-03-10 23:52:55,474 [INFO] HTTP Request: POST https://api.deepseek.com/chat/completions "HTTP/1.1 200 OK"
2026-03-10 23:52:56,941 [INFO] HTTP Request: POST https://api.deepseek.com/chat/completions "HTTP/1.1 200 OK"
2026-03-10 23:52:58,256 [INFO] HTTP Request: POST https://api.deepseek.com/chat/completions "HTTP/1.1 200 OK"
2026-03-10 23:52:59,707 [INFO] HTTP Request: POST https://api.deepseek.com/chat/completions "HTTP/1.1 200 OK"
2026-03-10 23:53:00,932 [INFO] HTTP Request: POST https://api.deepseek.com/chat/completions "HTTP/1.1 200 OK"
2026-03-10 23:53:01,924 [INFO]     game  2/10  first=direct    →  baseline wins  moves=7  103.4s
2026-03-10 23:53:02,243 [INFO] HTTP Request: POST https://api.deepseek.com/chat/completions "HTTP/1.1 200 OK"
2026-03-10 23:53:03,676 [INFO] HTTP Request: POST https://api.deepseek.com/chat/completions "HTTP/1.1 200 OK"
2026-03-10 23:53:04,864 [INFO] HTTP Request: POST https://api.deepseek.com/chat/completions "HTTP/1.1 200 OK"
2026-03-10 23:53:06,144 [INFO] HTTP Request: POST https://api.deepseek.com/chat/completions "HTTP/1.1 200 OK"
2026-03-10 23:53:07,437 [INFO] HTTP Request: POST https://api.deepseek.com/chat/completions "HTTP/1.1 200 OK"
2026-03-10 23:53:08,857 [INFO] HTTP Request: POST https://api.deepseek.com/chat/completions "HTTP/1.1 200 OK"
2026-03-10 23:53:10,338 [INFO] HTTP Request: POST https://api.deepseek.com/chat/completions "HTTP/1.1 200 OK"
2026-03-10 23:53:11,613 [INFO] HTTP Request: POST https://api.deepseek.com/chat/completions "HTTP/1.1 200 OK"
2026-03-10 23:53:13,067 [INFO] HTTP Request: POST https://api.deepseek.com/chat/completions "HTTP/1.1 200 OK"
2026-03-10 23:53:14,511 [INFO] HTTP Request: POST https://api.deepseek.com/chat/completions "HTTP/1.1 200 OK"
2026-03-10 23:53:16,105 [INFO] HTTP Request: POST https://api.deepseek.com/chat/completions "HTTP/1.1 200 OK"
2026-03-10 23:53:21,145 [INFO] HTTP Request: POST https://api.deepseek.com/chat/completions "HTTP/1.1 200 OK"
2026-03-10 23:53:22,743 [INFO] HTTP Request: POST https://api.deepseek.com/chat/completions "HTTP/1.1 200 OK"
2026-03-10 23:53:24,220 [INFO] HTTP Request: POST https://api.deepseek.com/chat/completions "HTTP/1.1 200 OK"
2026-03-10 23:53:25,721 [INFO] HTTP Request: POST https://api.deepseek.com/chat/completions "HTTP/1.1 200 OK"
2026-03-10 23:53:27,290 [INFO] HTTP Request: POST https://api.deepseek.com/chat/completions "HTTP/1.1 200 OK"
2026-03-10 23:53:28,722 [INFO] HTTP Request: POST https://api.deepseek.com/chat/completions "HTTP/1.1 200 OK"
2026-03-10 23:53:30,217 [INFO] HTTP Request: POST https://api.deepseek.com/chat/completions "HTTP/1.1 200 OK"
2026-03-10 23:53:31,850 [INFO] HTTP Request: POST https://api.deepseek.com/chat/completions "HTTP/1.1 200 OK"
2026-03-10 23:53:33,124 [INFO] HTTP Request: POST https://api.deepseek.com/chat/completions "HTTP/1.1 200 OK"
2026-03-10 23:53:35,105 [INFO] HTTP Request: POST https://api.deepseek.com/chat/completions "HTTP/1.1 200 OK"
2026-03-10 23:53:36,844 [INFO] HTTP Request: POST https://api.deepseek.com/chat/completions "HTTP/1.1 200 OK"
2026-03-10 23:53:38,504 [INFO] HTTP Request: POST https://api.deepseek.com/chat/completions "HTTP/1.1 200 OK"
2026-03-10 23:53:40,053 [INFO] HTTP Request: POST https://api.deepseek.com/chat/completions "HTTP/1.1 200 OK"
2026-03-10 23:53:41,384 [INFO] HTTP Request: POST https://api.deepseek.com/chat/completions "HTTP/1.1 200 OK"
2026-03-10 23:53:42,498 [INFO] HTTP Request: POST https://api.deepseek.com/chat/completions "HTTP/1.1 200 OK"
2026-03-10 23:53:44,038 [INFO] HTTP Request: POST https://api.deepseek.com/chat/completions "HTTP/1.1 200 OK"
2026-03-10 23:53:45,205 [INFO] HTTP Request: POST https://api.deepseek.com/chat/completions "HTTP/1.1 200 OK"
2026-03-10 23:53:46,823 [INFO] HTTP Request: POST https://api.deepseek.com/chat/completions "HTTP/1.1 200 OK"
2026-03-10 23:53:48,086 [INFO] HTTP Request: POST https://api.deepseek.com/chat/completions "HTTP/1.1 200 OK"
2026-03-10 23:53:49,336 [INFO] HTTP Request: POST https://api.deepseek.com/chat/completions "HTTP/1.1 200 OK"
2026-03-10 23:53:50,944 [INFO] HTTP Request: POST https://api.deepseek.com/chat/completions "HTTP/1.1 200 OK"
2026-03-10 23:53:52,495 [INFO] HTTP Request: POST https://api.deepseek.com/chat/completions "HTTP/1.1 200 OK"
2026-03-10 23:53:57,694 [INFO] HTTP Request: POST https://api.deepseek.com/chat/completions "HTTP/1.1 200 OK"
2026-03-10 23:53:59,150 [INFO] HTTP Request: POST https://api.deepseek.com/chat/completions "HTTP/1.1 200 OK"
2026-03-10 23:54:00,723 [INFO] HTTP Request: POST https://api.deepseek.com/chat/completions "HTTP/1.1 200 OK"
2026-03-10 23:54:02,033 [INFO] HTTP Request: POST https://api.deepseek.com/chat/completions "HTTP/1.1 200 OK"
2026-03-10 23:54:03,424 [INFO] HTTP Request: POST https://api.deepseek.com/chat/completions "HTTP/1.1 200 OK"
2026-03-10 23:54:05,070 [INFO] HTTP Request: POST https://api.deepseek.com/chat/completions "HTTP/1.1 200 OK"
2026-03-10 23:54:06,550 [INFO] HTTP Request: POST https://api.deepseek.com/chat/completions "HTTP/1.1 200 OK"
2026-03-10 23:54:08,197 [INFO] HTTP Request: POST https://api.deepseek.com/chat/completions "HTTP/1.1 200 OK"
2026-03-10 23:54:09,612 [INFO] HTTP Request: POST https://api.deepseek.com/chat/completions "HTTP/1.1 200 OK"
2026-03-10 23:54:11,713 [INFO] HTTP Request: POST https://api.deepseek.com/chat/completions "HTTP/1.1 200 OK"
2026-03-10 23:54:13,326 [INFO] HTTP Request: POST https://api.deepseek.com/chat/completions "HTTP/1.1 200 OK"
2026-03-10 23:54:14,638 [INFO] HTTP Request: POST https://api.deepseek.com/chat/completions "HTTP/1.1 200 OK"
2026-03-10 23:54:16,085 [INFO] HTTP Request: POST https://api.deepseek.com/chat/completions "HTTP/1.1 200 OK"
2026-03-10 23:54:17,847 [INFO] HTTP Request: POST https://api.deepseek.com/chat/completions "HTTP/1.1 200 OK"
2026-03-10 23:54:19,247 [INFO] HTTP Request: POST https://api.deepseek.com/chat/completions "HTTP/1.1 200 OK"
2026-03-10 23:54:20,810 [INFO] HTTP Request: POST https://api.deepseek.com/chat/completions "HTTP/1.1 200 OK"
2026-03-10 23:54:22,236 [INFO] HTTP Request: POST https://api.deepseek.com/chat/completions "HTTP/1.1 200 OK"
2026-03-10 23:54:23,429 [INFO] HTTP Request: POST https://api.deepseek.com/chat/completions "HTTP/1.1 200 OK"
2026-03-10 23:54:24,849 [INFO] HTTP Request: POST https://api.deepseek.com/chat/completions "HTTP/1.1 200 OK"
2026-03-10 23:54:26,258 [INFO] HTTP Request: POST https://api.deepseek.com/chat/completions "HTTP/1.1 200 OK"
2026-03-10 23:54:27,854 [INFO] HTTP Request: POST https://api.deepseek.com/chat/completions "HTTP/1.1 200 OK"
2026-03-10 23:54:33,051 [INFO] HTTP Request: POST https://api.deepseek.com/chat/completions "HTTP/1.1 200 OK"
2026-03-10 23:54:34,739 [INFO] HTTP Request: POST https://api.deepseek.com/chat/completions "HTTP/1.1 200 OK"
2026-03-10 23:54:36,282 [INFO] HTTP Request: POST https://api.deepseek.com/chat/completions "HTTP/1.1 200 OK"
2026-03-10 23:54:37,659 [INFO] HTTP Request: POST https://api.deepseek.com/chat/completions "HTTP/1.1 200 OK"
2026-03-10 23:54:39,025 [INFO] HTTP Request: POST https://api.deepseek.com/chat/completions "HTTP/1.1 200 OK"
2026-03-10 23:54:40,085 [INFO] HTTP Request: POST https://api.deepseek.com/chat/completions "HTTP/1.1 200 OK"
2026-03-10 23:54:41,576 [INFO] HTTP Request: POST https://api.deepseek.com/chat/completions "HTTP/1.1 200 OK"
2026-03-10 23:54:43,004 [INFO] HTTP Request: POST https://api.deepseek.com/chat/completions "HTTP/1.1 200 OK"
2026-03-10 23:54:44,472 [INFO] HTTP Request: POST https://api.deepseek.com/chat/completions "HTTP/1.1 200 OK"
2026-03-10 23:54:45,940 [INFO] HTTP Request: POST https://api.deepseek.com/chat/completions "HTTP/1.1 200 OK"
2026-03-10 23:54:47,562 [INFO] HTTP Request: POST https://api.deepseek.com/chat/completions "HTTP/1.1 200 OK"
2026-03-10 23:54:49,502 [INFO] HTTP Request: POST https://api.deepseek.com/chat/completions "HTTP/1.1 200 OK"
2026-03-10 23:54:51,023 [INFO] HTTP Request: POST https://api.deepseek.com/chat/completions "HTTP/1.1 200 OK"
2026-03-10 23:54:52,405 [INFO] HTTP Request: POST https://api.deepseek.com/chat/completions "HTTP/1.1 200 OK"
2026-03-10 23:54:53,553 [INFO] HTTP Request: POST https://api.deepseek.com/chat/completions "HTTP/1.1 200 OK"
2026-03-10 23:54:55,108 [INFO] HTTP Request: POST https://api.deepseek.com/chat/completions "HTTP/1.1 200 OK"
2026-03-10 23:54:56,964 [INFO] HTTP Request: POST https://api.deepseek.com/chat/completions "HTTP/1.1 200 OK"
2026-03-10 23:54:58,616 [INFO] HTTP Request: POST https://api.deepseek.com/chat/completions "HTTP/1.1 200 OK"
2026-03-10 23:55:00,158 [INFO] HTTP Request: POST https://api.deepseek.com/chat/completions "HTTP/1.1 200 OK"
2026-03-10 23:55:01,514 [INFO] HTTP Request: POST https://api.deepseek.com/chat/completions "HTTP/1.1 200 OK"
2026-03-10 23:55:03,107 [INFO] HTTP Request: POST https://api.deepseek.com/chat/completions "HTTP/1.1 200 OK"
2026-03-10 23:55:08,120 [INFO] HTTP Request: POST https://api.deepseek.com/chat/completions "HTTP/1.1 200 OK"
2026-03-10 23:55:09,449 [INFO] HTTP Request: POST https://api.deepseek.com/chat/completions "HTTP/1.1 200 OK"
2026-03-10 23:55:10,762 [INFO] HTTP Request: POST https://api.deepseek.com/chat/completions "HTTP/1.1 200 OK"
2026-03-10 23:55:12,266 [INFO] HTTP Request: POST https://api.deepseek.com/chat/completions "HTTP/1.1 200 OK"
2026-03-10 23:55:13,550 [INFO] HTTP Request: POST https://api.deepseek.com/chat/completions "HTTP/1.1 200 OK"
2026-03-10 23:55:15,138 [INFO] HTTP Request: POST https://api.deepseek.com/chat/completions "HTTP/1.1 200 OK"
2026-03-10 23:55:16,858 [INFO] HTTP Request: POST https://api.deepseek.com/chat/completions "HTTP/1.1 200 OK"
2026-03-10 23:55:18,233 [INFO] HTTP Request: POST https://api.deepseek.com/chat/completions "HTTP/1.1 200 OK"
2026-03-10 23:55:19,741 [INFO] HTTP Request: POST https://api.deepseek.com/chat/completions "HTTP/1.1 200 OK"
2026-03-10 23:55:21,292 [INFO] HTTP Request: POST https://api.deepseek.com/chat/completions "HTTP/1.1 200 OK"
2026-03-10 23:55:22,497 [INFO] HTTP Request: POST https://api.deepseek.com/chat/completions "HTTP/1.1 200 OK"
2026-03-10 23:55:23,960 [INFO] HTTP Request: POST https://api.deepseek.com/chat/completions "HTTP/1.1 200 OK"
2026-03-10 23:55:25,297 [INFO] HTTP Request: POST https://api.deepseek.com/chat/completions "HTTP/1.1 200 OK"
2026-03-10 23:55:26,959 [INFO] HTTP Request: POST https://api.deepseek.com/chat/completions "HTTP/1.1 200 OK"
2026-03-10 23:55:28,593 [INFO] HTTP Request: POST https://api.deepseek.com/chat/completions "HTTP/1.1 200 OK"
2026-03-10 23:55:30,318 [INFO] HTTP Request: POST https://api.deepseek.com/chat/completions "HTTP/1.1 200 OK"
2026-03-10 23:55:31,753 [INFO] HTTP Request: POST https://api.deepseek.com/chat/completions "HTTP/1.1 200 OK"
2026-03-10 23:55:33,275 [INFO] HTTP Request: POST https://api.deepseek.com/chat/completions "HTTP/1.1 200 OK"
2026-03-10 23:55:34,634 [INFO] HTTP Request: POST https://api.deepseek.com/chat/completions "HTTP/1.1 200 OK"
2026-03-10 23:55:36,144 [INFO] HTTP Request: POST https://api.deepseek.com/chat/completions "HTTP/1.1 200 OK"
2026-03-10 23:55:37,489 [INFO] HTTP Request: POST https://api.deepseek.com/chat/completions "HTTP/1.1 200 OK"
2026-03-10 23:55:38,995 [INFO] HTTP Request: POST https://api.deepseek.com/chat/completions "HTTP/1.1 200 OK"
2026-03-10 23:55:44,095 [INFO] HTTP Request: POST https://api.deepseek.com/chat/completions "HTTP/1.1 200 OK"
2026-03-10 23:55:45,354 [INFO] HTTP Request: POST https://api.deepseek.com/chat/completions "HTTP/1.1 200 OK"
2026-03-10 23:55:46,856 [INFO] HTTP Request: POST https://api.deepseek.com/chat/completions "HTTP/1.1 200 OK"
2026-03-10 23:55:48,276 [INFO] HTTP Request: POST https://api.deepseek.com/chat/completions "HTTP/1.1 200 OK"
2026-03-10 23:55:49,978 [INFO] HTTP Request: POST https://api.deepseek.com/chat/completions "HTTP/1.1 200 OK"
2026-03-10 23:55:51,268 [INFO] HTTP Request: POST https://api.deepseek.com/chat/completions "HTTP/1.1 200 OK"
2026-03-10 23:55:52,765 [INFO] HTTP Request: POST https://api.deepseek.com/chat/completions "HTTP/1.1 200 OK"
2026-03-10 23:55:54,166 [INFO] HTTP Request: POST https://api.deepseek.com/chat/completions "HTTP/1.1 200 OK"
2026-03-10 23:55:55,658 [INFO] HTTP Request: POST https://api.deepseek.com/chat/completions "HTTP/1.1 200 OK"
2026-03-10 23:55:57,008 [INFO] HTTP Request: POST https://api.deepseek.com/chat/completions "HTTP/1.1 200 OK"
2026-03-10 23:55:58,673 [INFO] HTTP Request: POST https://api.deepseek.com/chat/completions "HTTP/1.1 200 OK"
2026-03-10 23:56:00,422 [INFO] HTTP Request: POST https://api.deepseek.com/chat/completions "HTTP/1.1 200 OK"
2026-03-10 23:56:01,999 [INFO] HTTP Request: POST https://api.deepseek.com/chat/completions "HTTP/1.1 200 OK"
2026-03-10 23:56:03,445 [INFO] HTTP Request: POST https://api.deepseek.com/chat/completions "HTTP/1.1 200 OK"
2026-03-10 23:56:04,613 [INFO] HTTP Request: POST https://api.deepseek.com/chat/completions "HTTP/1.1 200 OK"
2026-03-10 23:56:06,103 [INFO] HTTP Request: POST https://api.deepseek.com/chat/completions "HTTP/1.1 200 OK"
2026-03-10 23:56:07,639 [INFO] HTTP Request: POST https://api.deepseek.com/chat/completions "HTTP/1.1 200 OK"
2026-03-10 23:56:09,098 [INFO] HTTP Request: POST https://api.deepseek.com/chat/completions "HTTP/1.1 200 OK"
2026-03-10 23:56:10,599 [INFO] HTTP Request: POST https://api.deepseek.com/chat/completions "HTTP/1.1 200 OK"
2026-03-10 23:56:12,181 [INFO] HTTP Request: POST https://api.deepseek.com/chat/completions "HTTP/1.1 200 OK"
2026-03-10 23:56:13,792 [INFO] HTTP Request: POST https://api.deepseek.com/chat/completions "HTTP/1.1 200 OK"
2026-03-10 23:56:15,112 [INFO] HTTP Request: POST https://api.deepseek.com/chat/completions "HTTP/1.1 200 OK"
2026-03-10 23:56:20,251 [INFO] HTTP Request: POST https://api.deepseek.com/chat/completions "HTTP/1.1 200 OK"
2026-03-10 23:56:21,811 [INFO] HTTP Request: POST https://api.deepseek.com/chat/completions "HTTP/1.1 200 OK"
2026-03-10 23:56:23,500 [INFO] HTTP Request: POST https://api.deepseek.com/chat/completions "HTTP/1.1 200 OK"
2026-03-10 23:56:24,666 [INFO] HTTP Request: POST https://api.deepseek.com/chat/completions "HTTP/1.1 200 OK"
2026-03-10 23:56:26,174 [INFO] HTTP Request: POST https://api.deepseek.com/chat/completions "HTTP/1.1 200 OK"
2026-03-10 23:56:27,432 [INFO] HTTP Request: POST https://api.deepseek.com/chat/completions "HTTP/1.1 200 OK"
2026-03-10 23:56:28,866 [INFO] HTTP Request: POST https://api.deepseek.com/chat/completions "HTTP/1.1 200 OK"
2026-03-10 23:56:30,413 [INFO] HTTP Request: POST https://api.deepseek.com/chat/completions "HTTP/1.1 200 OK"
2026-03-10 23:56:31,864 [INFO] HTTP Request: POST https://api.deepseek.com/chat/completions "HTTP/1.1 200 OK"
2026-03-10 23:56:33,385 [INFO] HTTP Request: POST https://api.deepseek.com/chat/completions "HTTP/1.1 200 OK"
2026-03-10 23:56:34,827 [INFO] HTTP Request: POST https://api.deepseek.com/chat/completions "HTTP/1.1 200 OK"
2026-03-10 23:56:36,027 [INFO] HTTP Request: POST https://api.deepseek.com/chat/completions "HTTP/1.1 200 OK"
2026-03-10 23:56:37,708 [INFO] HTTP Request: POST https://api.deepseek.com/chat/completions "HTTP/1.1 200 OK"
2026-03-10 23:56:39,244 [INFO] HTTP Request: POST https://api.deepseek.com/chat/completions "HTTP/1.1 200 OK"
2026-03-10 23:56:40,555 [INFO] HTTP Request: POST https://api.deepseek.com/chat/completions "HTTP/1.1 200 OK"
2026-03-10 23:56:42,176 [INFO] HTTP Request: POST https://api.deepseek.com/chat/completions "HTTP/1.1 200 OK"
2026-03-10 23:56:43,416 [INFO] HTTP Request: POST https://api.deepseek.com/chat/completions "HTTP/1.1 200 OK"
2026-03-10 23:56:44,759 [INFO] HTTP Request: POST https://api.deepseek.com/chat/completions "HTTP/1.1 200 OK"
2026-03-10 23:56:46,401 [INFO] HTTP Request: POST https://api.deepseek.com/chat/completions "HTTP/1.1 200 OK"
2026-03-10 23:56:47,938 [INFO] HTTP Request: POST https://api.deepseek.com/chat/completions "HTTP/1.1 200 OK"
2026-03-10 23:56:49,453 [INFO] HTTP Request: POST https://api.deepseek.com/chat/completions "HTTP/1.1 200 OK"
2026-03-10 23:56:51,113 [INFO] HTTP Request: POST https://api.deepseek.com/chat/completions "HTTP/1.1 200 OK"
2026-03-10 23:56:56,255 [INFO] HTTP Request: POST https://api.deepseek.com/chat/completions "HTTP/1.1 200 OK"
2026-03-10 23:56:57,945 [INFO] HTTP Request: POST https://api.deepseek.com/chat/completions "HTTP/1.1 200 OK"
2026-03-10 23:56:59,334 [INFO] HTTP Request: POST https://api.deepseek.com/chat/completions "HTTP/1.1 200 OK"
2026-03-10 23:57:00,587 [INFO] HTTP Request: POST https://api.deepseek.com/chat/completions "HTTP/1.1 200 OK"
2026-03-10 23:57:01,978 [INFO] HTTP Request: POST https://api.deepseek.com/chat/completions "HTTP/1.1 200 OK"
2026-03-10 23:57:03,172 [INFO] HTTP Request: POST https://api.deepseek.com/chat/completions "HTTP/1.1 200 OK"
2026-03-10 23:57:04,578 [INFO] HTTP Request: POST https://api.deepseek.com/chat/completions "HTTP/1.1 200 OK"
2026-03-10 23:57:06,077 [INFO] HTTP Request: POST https://api.deepseek.com/chat/completions "HTTP/1.1 200 OK"
2026-03-10 23:57:07,802 [INFO] HTTP Request: POST https://api.deepseek.com/chat/completions "HTTP/1.1 200 OK"
2026-03-10 23:57:09,277 [INFO] HTTP Request: POST https://api.deepseek.com/chat/completions "HTTP/1.1 200 OK"
2026-03-10 23:57:10,931 [INFO] HTTP Request: POST https://api.deepseek.com/chat/completions "HTTP/1.1 200 OK"
2026-03-10 23:57:12,764 [INFO] HTTP Request: POST https://api.deepseek.com/chat/completions "HTTP/1.1 200 OK"
2026-03-10 23:57:14,303 [INFO] HTTP Request: POST https://api.deepseek.com/chat/completions "HTTP/1.1 200 OK"
2026-03-10 23:57:15,676 [INFO] HTTP Request: POST https://api.deepseek.com/chat/completions "HTTP/1.1 200 OK"
2026-03-10 23:57:17,257 [INFO] HTTP Request: POST https://api.deepseek.com/chat/completions "HTTP/1.1 200 OK"
2026-03-10 23:57:18,641 [INFO] HTTP Request: POST https://api.deepseek.com/chat/completions "HTTP/1.1 200 OK"
2026-03-10 23:57:20,431 [INFO] HTTP Request: POST https://api.deepseek.com/chat/completions "HTTP/1.1 200 OK"
2026-03-10 23:57:21,999 [INFO] HTTP Request: POST https://api.deepseek.com/chat/completions "HTTP/1.1 200 OK"
2026-03-10 23:57:23,541 [INFO] HTTP Request: POST https://api.deepseek.com/chat/completions "HTTP/1.1 200 OK"
2026-03-10 23:57:25,163 [INFO] HTTP Request: POST https://api.deepseek.com/chat/completions "HTTP/1.1 200 OK"
2026-03-10 23:57:26,565 [INFO] HTTP Request: POST https://api.deepseek.com/chat/completions "HTTP/1.1 200 OK"
2026-03-10 23:57:31,676 [INFO] HTTP Request: POST https://api.deepseek.com/chat/completions "HTTP/1.1 200 OK"
2026-03-10 23:57:33,177 [INFO] HTTP Request: POST https://api.deepseek.com/chat/completions "HTTP/1.1 200 OK"
2026-03-10 23:57:34,459 [INFO] HTTP Request: POST https://api.deepseek.com/chat/completions "HTTP/1.1 200 OK"
2026-03-10 23:57:35,667 [INFO] HTTP Request: POST https://api.deepseek.com/chat/completions "HTTP/1.1 200 OK"
2026-03-10 23:57:37,105 [INFO] HTTP Request: POST https://api.deepseek.com/chat/completions "HTTP/1.1 200 OK"
2026-03-10 23:57:38,540 [INFO] HTTP Request: POST https://api.deepseek.com/chat/completions "HTTP/1.1 200 OK"
2026-03-10 23:57:40,123 [INFO] HTTP Request: POST https://api.deepseek.com/chat/completions "HTTP/1.1 200 OK"
2026-03-10 23:57:41,552 [INFO] HTTP Request: POST https://api.deepseek.com/chat/completions "HTTP/1.1 200 OK"
2026-03-10 23:57:43,000 [INFO] HTTP Request: POST https://api.deepseek.com/chat/completions "HTTP/1.1 200 OK"
2026-03-10 23:57:44,181 [INFO] HTTP Request: POST https://api.deepseek.com/chat/completions "HTTP/1.1 200 OK"
2026-03-10 23:57:45,654 [INFO] HTTP Request: POST https://api.deepseek.com/chat/completions "HTTP/1.1 200 OK"
2026-03-10 23:57:47,178 [INFO] HTTP Request: POST https://api.deepseek.com/chat/completions "HTTP/1.1 200 OK"
2026-03-10 23:57:48,603 [INFO] HTTP Request: POST https://api.deepseek.com/chat/completions "HTTP/1.1 200 OK"
2026-03-10 23:57:50,541 [INFO] HTTP Request: POST https://api.deepseek.com/chat/completions "HTTP/1.1 200 OK"
2026-03-10 23:57:51,834 [INFO] HTTP Request: POST https://api.deepseek.com/chat/completions "HTTP/1.1 200 OK"
2026-03-10 23:57:53,239 [INFO] HTTP Request: POST https://api.deepseek.com/chat/completions "HTTP/1.1 200 OK"
2026-03-10 23:57:54,405 [INFO] HTTP Request: POST https://api.deepseek.com/chat/completions "HTTP/1.1 200 OK"
2026-03-10 23:57:55,724 [INFO] HTTP Request: POST https://api.deepseek.com/chat/completions "HTTP/1.1 200 OK"
2026-03-10 23:57:57,230 [INFO] HTTP Request: POST https://api.deepseek.com/chat/completions "HTTP/1.1 200 OK"
2026-03-10 23:57:58,819 [INFO] HTTP Request: POST https://api.deepseek.com/chat/completions "HTTP/1.1 200 OK"
2026-03-10 23:58:00,333 [INFO] HTTP Request: POST https://api.deepseek.com/chat/completions "HTTP/1.1 200 OK"
2026-03-10 23:58:01,622 [INFO] HTTP Request: POST https://api.deepseek.com/chat/completions "HTTP/1.1 200 OK"
2026-03-10 23:58:03,111 [INFO] HTTP Request: POST https://api.deepseek.com/chat/completions "HTTP/1.1 200 OK"
2026-03-10 23:58:08,310 [INFO] HTTP Request: POST https://api.deepseek.com/chat/completions "HTTP/1.1 200 OK"
2026-03-10 23:58:09,633 [INFO] HTTP Request: POST https://api.deepseek.com/chat/completions "HTTP/1.1 200 OK"
2026-03-10 23:58:10,902 [INFO] HTTP Request: POST https://api.deepseek.com/chat/completions "HTTP/1.1 200 OK"
2026-03-10 23:58:12,373 [INFO] HTTP Request: POST https://api.deepseek.com/chat/completions "HTTP/1.1 200 OK"
2026-03-10 23:58:13,790 [INFO] HTTP Request: POST https://api.deepseek.com/chat/completions "HTTP/1.1 200 OK"
2026-03-10 23:58:15,225 [INFO] HTTP Request: POST https://api.deepseek.com/chat/completions "HTTP/1.1 200 OK"
2026-03-10 23:58:16,662 [INFO] HTTP Request: POST https://api.deepseek.com/chat/completions "HTTP/1.1 200 OK"
2026-03-10 23:58:17,963 [INFO] HTTP Request: POST https://api.deepseek.com/chat/completions "HTTP/1.1 200 OK"
2026-03-10 23:58:19,239 [INFO] HTTP Request: POST https://api.deepseek.com/chat/completions "HTTP/1.1 200 OK"
2026-03-10 23:58:20,791 [INFO] HTTP Request: POST https://api.deepseek.com/chat/completions "HTTP/1.1 200 OK"
2026-03-10 23:58:22,051 [INFO] HTTP Request: POST https://api.deepseek.com/chat/completions "HTTP/1.1 200 OK"
2026-03-10 23:58:23,600 [INFO] HTTP Request: POST https://api.deepseek.com/chat/completions "HTTP/1.1 200 OK"
2026-03-10 23:58:25,029 [INFO] HTTP Request: POST https://api.deepseek.com/chat/completions "HTTP/1.1 200 OK"
2026-03-10 23:58:26,511 [INFO] HTTP Request: POST https://api.deepseek.com/chat/completions "HTTP/1.1 200 OK"
2026-03-10 23:58:27,934 [INFO] HTTP Request: POST https://api.deepseek.com/chat/completions "HTTP/1.1 200 OK"
2026-03-10 23:58:29,610 [INFO] HTTP Request: POST https://api.deepseek.com/chat/completions "HTTP/1.1 200 OK"
2026-03-10 23:58:31,245 [INFO] HTTP Request: POST https://api.deepseek.com/chat/completions "HTTP/1.1 200 OK"
2026-03-10 23:58:32,861 [INFO] HTTP Request: POST https://api.deepseek.com/chat/completions "HTTP/1.1 200 OK"
2026-03-10 23:58:34,547 [INFO] HTTP Request: POST https://api.deepseek.com/chat/completions "HTTP/1.1 200 OK"
2026-03-10 23:58:36,086 [INFO] HTTP Request: POST https://api.deepseek.com/chat/completions "HTTP/1.1 200 OK"
2026-03-10 23:58:37,503 [INFO] HTTP Request: POST https://api.deepseek.com/chat/completions "HTTP/1.1 200 OK"
2026-03-10 23:58:38,601 [INFO] HTTP Request: POST https://api.deepseek.com/chat/completions "HTTP/1.1 200 OK"
2026-03-10 23:58:43,620 [INFO] HTTP Request: POST https://api.deepseek.com/chat/completions "HTTP/1.1 200 OK"
2026-03-10 23:58:45,086 [INFO] HTTP Request: POST https://api.deepseek.com/chat/completions "HTTP/1.1 200 OK"
2026-03-10 23:58:46,717 [INFO] HTTP Request: POST https://api.deepseek.com/chat/completions "HTTP/1.1 200 OK"
2026-03-10 23:58:48,098 [INFO] HTTP Request: POST https://api.deepseek.com/chat/completions "HTTP/1.1 200 OK"
2026-03-10 23:58:49,419 [INFO] HTTP Request: POST https://api.deepseek.com/chat/completions "HTTP/1.1 200 OK"
2026-03-10 23:58:50,567 [INFO] HTTP Request: POST https://api.deepseek.com/chat/completions "HTTP/1.1 200 OK"
2026-03-10 23:58:51,979 [INFO] HTTP Request: POST https://api.deepseek.com/chat/completions "HTTP/1.1 200 OK"
2026-03-10 23:58:53,338 [INFO] HTTP Request: POST https://api.deepseek.com/chat/completions "HTTP/1.1 200 OK"
2026-03-10 23:58:54,885 [INFO] HTTP Request: POST https://api.deepseek.com/chat/completions "HTTP/1.1 200 OK"
2026-03-10 23:58:56,015 [INFO] HTTP Request: POST https://api.deepseek.com/chat/completions "HTTP/1.1 200 OK"
2026-03-10 23:58:57,528 [INFO] HTTP Request: POST https://api.deepseek.com/chat/completions "HTTP/1.1 200 OK"
2026-03-10 23:58:58,955 [INFO] HTTP Request: POST https://api.deepseek.com/chat/completions "HTTP/1.1 200 OK"
2026-03-10 23:59:00,304 [INFO] HTTP Request: POST https://api.deepseek.com/chat/completions "HTTP/1.1 200 OK"
2026-03-10 23:59:01,500 [INFO]     game  3/10  first=baseline  →  baseline wins  moves=22  359.6s
2026-03-10 23:59:02,445 [INFO] HTTP Request: POST https://api.deepseek.com/chat/completions "HTTP/1.1 200 OK"
2026-03-10 23:59:04,358 [INFO] HTTP Request: POST https://api.deepseek.com/chat/completions "HTTP/1.1 200 OK"
2026-03-10 23:59:05,806 [INFO] HTTP Request: POST https://api.deepseek.com/chat/completions "HTTP/1.1 200 OK"
2026-03-10 23:59:07,183 [INFO] HTTP Request: POST https://api.deepseek.com/chat/completions "HTTP/1.1 200 OK"
2026-03-10 23:59:08,529 [INFO] HTTP Request: POST https://api.deepseek.com/chat/completions "HTTP/1.1 200 OK"
2026-03-10 23:59:09,991 [INFO] HTTP Request: POST https://api.deepseek.com/chat/completions "HTTP/1.1 200 OK"
2026-03-10 23:59:11,471 [INFO] HTTP Request: POST https://api.deepseek.com/chat/completions "HTTP/1.1 200 OK"
2026-03-10 23:59:12,706 [INFO] HTTP Request: POST https://api.deepseek.com/chat/completions "HTTP/1.1 200 OK"
2026-03-10 23:59:13,987 [INFO] HTTP Request: POST https://api.deepseek.com/chat/completions "HTTP/1.1 200 OK"
2026-03-10 23:59:18,908 [INFO] HTTP Request: POST https://api.deepseek.com/chat/completions "HTTP/1.1 200 OK"
2026-03-10 23:59:20,155 [INFO] HTTP Request: POST https://api.deepseek.com/chat/completions "HTTP/1.1 200 OK"
2026-03-10 23:59:21,487 [INFO] HTTP Request: POST https://api.deepseek.com/chat/completions "HTTP/1.1 200 OK"
2026-03-10 23:59:23,183 [INFO] HTTP Request: POST https://api.deepseek.com/chat/completions "HTTP/1.1 200 OK"
2026-03-10 23:59:24,401 [INFO] HTTP Request: POST https://api.deepseek.com/chat/completions "HTTP/1.1 200 OK"
2026-03-10 23:59:25,842 [INFO] HTTP Request: POST https://api.deepseek.com/chat/completions "HTTP/1.1 200 OK"
2026-03-10 23:59:27,466 [INFO] HTTP Request: POST https://api.deepseek.com/chat/completions "HTTP/1.1 200 OK"
2026-03-10 23:59:28,763 [INFO] HTTP Request: POST https://api.deepseek.com/chat/completions "HTTP/1.1 200 OK"
2026-03-10 23:59:30,502 [INFO] HTTP Request: POST https://api.deepseek.com/chat/completions "HTTP/1.1 200 OK"
2026-03-10 23:59:31,799 [INFO] HTTP Request: POST https://api.deepseek.com/chat/completions "HTTP/1.1 200 OK"
2026-03-10 23:59:33,079 [INFO] HTTP Request: POST https://api.deepseek.com/chat/completions "HTTP/1.1 200 OK"
2026-03-10 23:59:34,423 [INFO] HTTP Request: POST https://api.deepseek.com/chat/completions "HTTP/1.1 200 OK"
2026-03-10 23:59:35,422 [INFO] HTTP Request: POST https://api.deepseek.com/chat/completions "HTTP/1.1 200 OK"
2026-03-10 23:59:36,995 [INFO] HTTP Request: POST https://api.deepseek.com/chat/completions "HTTP/1.1 200 OK"
2026-03-10 23:59:38,554 [INFO] HTTP Request: POST https://api.deepseek.com/chat/completions "HTTP/1.1 200 OK"
2026-03-10 23:59:40,122 [INFO] HTTP Request: POST https://api.deepseek.com/chat/completions "HTTP/1.1 200 OK"
2026-03-10 23:59:41,716 [INFO] HTTP Request: POST https://api.deepseek.com/chat/completions "HTTP/1.1 200 OK"
2026-03-10 23:59:43,125 [INFO] HTTP Request: POST https://api.deepseek.com/chat/completions "HTTP/1.1 200 OK"
2026-03-10 23:59:44,647 [INFO] HTTP Request: POST https://api.deepseek.com/chat/completions "HTTP/1.1 200 OK"
2026-03-10 23:59:46,143 [INFO] HTTP Request: POST https://api.deepseek.com/chat/completions "HTTP/1.1 200 OK"
2026-03-10 23:59:47,386 [INFO] HTTP Request: POST https://api.deepseek.com/chat/completions "HTTP/1.1 200 OK"
2026-03-10 23:59:49,056 [INFO] HTTP Request: POST https://api.deepseek.com/chat/completions "HTTP/1.1 200 OK"
2026-03-10 23:59:50,350 [INFO] HTTP Request: POST https://api.deepseek.com/chat/completions "HTTP/1.1 200 OK"
2026-03-10 23:59:55,464 [INFO] HTTP Request: POST https://api.deepseek.com/chat/completions "HTTP/1.1 200 OK"
2026-03-10 23:59:56,780 [INFO] HTTP Request: POST https://api.deepseek.com/chat/completions "HTTP/1.1 200 OK"
2026-03-10 23:59:58,269 [INFO] HTTP Request: POST https://api.deepseek.com/chat/completions "HTTP/1.1 200 OK"
2026-03-10 23:59:59,701 [INFO] HTTP Request: POST https://api.deepseek.com/chat/completions "HTTP/1.1 200 OK"
2026-03-11 00:00:01,072 [INFO] HTTP Request: POST https://api.deepseek.com/chat/completions "HTTP/1.1 200 OK"
2026-03-11 00:00:03,662 [INFO] HTTP Request: POST https://api.deepseek.com/chat/completions "HTTP/1.1 200 OK"
2026-03-11 00:00:05,543 [INFO] HTTP Request: POST https://api.deepseek.com/chat/completions "HTTP/1.1 200 OK"
2026-03-11 00:00:07,239 [INFO] HTTP Request: POST https://api.deepseek.com/chat/completions "HTTP/1.1 200 OK"
2026-03-11 00:00:08,917 [INFO] HTTP Request: POST https://api.deepseek.com/chat/completions "HTTP/1.1 200 OK"
2026-03-11 00:00:10,295 [INFO] HTTP Request: POST https://api.deepseek.com/chat/completions "HTTP/1.1 200 OK"
2026-03-11 00:00:12,011 [INFO] HTTP Request: POST https://api.deepseek.com/chat/completions "HTTP/1.1 200 OK"
2026-03-11 00:00:13,500 [INFO] HTTP Request: POST https://api.deepseek.com/chat/completions "HTTP/1.1 200 OK"
2026-03-11 00:00:15,024 [INFO] HTTP Request: POST https://api.deepseek.com/chat/completions "HTTP/1.1 200 OK"
2026-03-11 00:00:16,438 [INFO] HTTP Request: POST https://api.deepseek.com/chat/completions "HTTP/1.1 200 OK"
2026-03-11 00:00:18,004 [INFO] HTTP Request: POST https://api.deepseek.com/chat/completions "HTTP/1.1 200 OK"
2026-03-11 00:00:19,375 [INFO] HTTP Request: POST https://api.deepseek.com/chat/completions "HTTP/1.1 200 OK"
2026-03-11 00:00:21,051 [INFO] HTTP Request: POST https://api.deepseek.com/chat/completions "HTTP/1.1 200 OK"
2026-03-11 00:00:22,531 [INFO] HTTP Request: POST https://api.deepseek.com/chat/completions "HTTP/1.1 200 OK"
2026-03-11 00:00:23,942 [INFO] HTTP Request: POST https://api.deepseek.com/chat/completions "HTTP/1.1 200 OK"
2026-03-11 00:00:25,427 [INFO] HTTP Request: POST https://api.deepseek.com/chat/completions "HTTP/1.1 200 OK"
2026-03-11 00:00:26,783 [INFO] HTTP Request: POST https://api.deepseek.com/chat/completions "HTTP/1.1 200 OK"
2026-03-11 00:00:31,973 [INFO] HTTP Request: POST https://api.deepseek.com/chat/completions "HTTP/1.1 200 OK"
2026-03-11 00:00:33,439 [INFO] HTTP Request: POST https://api.deepseek.com/chat/completions "HTTP/1.1 200 OK"
2026-03-11 00:00:34,905 [INFO] HTTP Request: POST https://api.deepseek.com/chat/completions "HTTP/1.1 200 OK"
2026-03-11 00:00:36,253 [INFO] HTTP Request: POST https://api.deepseek.com/chat/completions "HTTP/1.1 200 OK"
2026-03-11 00:00:37,397 [INFO]     game  4/10  first=direct    →  baseline wins  moves=7  95.9s
2026-03-11 00:00:37,798 [INFO] HTTP Request: POST https://api.deepseek.com/chat/completions "HTTP/1.1 200 OK"
2026-03-11 00:00:39,135 [INFO] HTTP Request: POST https://api.deepseek.com/chat/completions "HTTP/1.1 200 OK"
2026-03-11 00:00:40,642 [INFO] HTTP Request: POST https://api.deepseek.com/chat/completions "HTTP/1.1 200 OK"
2026-03-11 00:00:42,486 [INFO] HTTP Request: POST https://api.deepseek.com/chat/completions "HTTP/1.1 200 OK"
2026-03-11 00:00:43,931 [INFO] HTTP Request: POST https://api.deepseek.com/chat/completions "HTTP/1.1 200 OK"
2026-03-11 00:00:45,551 [INFO] HTTP Request: POST https://api.deepseek.com/chat/completions "HTTP/1.1 200 OK"
2026-03-11 00:00:47,138 [INFO] HTTP Request: POST https://api.deepseek.com/chat/completions "HTTP/1.1 200 OK"
2026-03-11 00:00:48,427 [INFO] HTTP Request: POST https://api.deepseek.com/chat/completions "HTTP/1.1 200 OK"
2026-03-11 00:00:49,725 [INFO] HTTP Request: POST https://api.deepseek.com/chat/completions "HTTP/1.1 200 OK"
2026-03-11 00:00:51,142 [INFO] HTTP Request: POST https://api.deepseek.com/chat/completions "HTTP/1.1 200 OK"
2026-03-11 00:00:52,530 [INFO] HTTP Request: POST https://api.deepseek.com/chat/completions "HTTP/1.1 200 OK"
2026-03-11 00:00:54,027 [INFO] HTTP Request: POST https://api.deepseek.com/chat/completions "HTTP/1.1 200 OK"
2026-03-11 00:00:55,419 [INFO] HTTP Request: POST https://api.deepseek.com/chat/completions "HTTP/1.1 200 OK"
2026-03-11 00:00:56,945 [INFO] HTTP Request: POST https://api.deepseek.com/chat/completions "HTTP/1.1 200 OK"
2026-03-11 00:00:58,366 [INFO] HTTP Request: POST https://api.deepseek.com/chat/completions "HTTP/1.1 200 OK"
2026-03-11 00:00:59,809 [INFO] HTTP Request: POST https://api.deepseek.com/chat/completions "HTTP/1.1 200 OK"
2026-03-11 00:01:01,170 [INFO] HTTP Request: POST https://api.deepseek.com/chat/completions "HTTP/1.1 200 OK"
2026-03-11 00:01:02,699 [INFO] HTTP Request: POST https://api.deepseek.com/chat/completions "HTTP/1.1 200 OK"
2026-03-11 00:01:08,488 [INFO] HTTP Request: POST https://api.deepseek.com/chat/completions "HTTP/1.1 200 OK"
2026-03-11 00:01:09,852 [INFO] HTTP Request: POST https://api.deepseek.com/chat/completions "HTTP/1.1 200 OK"
2026-03-11 00:01:11,241 [INFO] HTTP Request: POST https://api.deepseek.com/chat/completions "HTTP/1.1 200 OK"
2026-03-11 00:01:12,571 [INFO] HTTP Request: POST https://api.deepseek.com/chat/completions "HTTP/1.1 200 OK"
2026-03-11 00:01:14,030 [INFO] HTTP Request: POST https://api.deepseek.com/chat/completions "HTTP/1.1 200 OK"
2026-03-11 00:01:15,669 [INFO] HTTP Request: POST https://api.deepseek.com/chat/completions "HTTP/1.1 200 OK"
2026-03-11 00:01:17,024 [INFO] HTTP Request: POST https://api.deepseek.com/chat/completions "HTTP/1.1 200 OK"
2026-03-11 00:01:18,469 [INFO] HTTP Request: POST https://api.deepseek.com/chat/completions "HTTP/1.1 200 OK"
2026-03-11 00:01:19,860 [INFO] HTTP Request: POST https://api.deepseek.com/chat/completions "HTTP/1.1 200 OK"
2026-03-11 00:01:21,224 [INFO] HTTP Request: POST https://api.deepseek.com/chat/completions "HTTP/1.1 200 OK"
2026-03-11 00:01:22,707 [INFO] HTTP Request: POST https://api.deepseek.com/chat/completions "HTTP/1.1 200 OK"
2026-03-11 00:01:24,215 [INFO] HTTP Request: POST https://api.deepseek.com/chat/completions "HTTP/1.1 200 OK"
2026-03-11 00:01:25,456 [INFO] HTTP Request: POST https://api.deepseek.com/chat/completions "HTTP/1.1 200 OK"
2026-03-11 00:01:26,911 [INFO] HTTP Request: POST https://api.deepseek.com/chat/completions "HTTP/1.1 200 OK"
2026-03-11 00:01:28,270 [INFO] HTTP Request: POST https://api.deepseek.com/chat/completions "HTTP/1.1 200 OK"
2026-03-11 00:01:29,798 [INFO] HTTP Request: POST https://api.deepseek.com/chat/completions "HTTP/1.1 200 OK"
2026-03-11 00:01:31,342 [INFO] HTTP Request: POST https://api.deepseek.com/chat/completions "HTTP/1.1 200 OK"
2026-03-11 00:01:32,725 [INFO] HTTP Request: POST https://api.deepseek.com/chat/completions "HTTP/1.1 200 OK"
2026-03-11 00:01:34,226 [INFO] HTTP Request: POST https://api.deepseek.com/chat/completions "HTTP/1.1 200 OK"
2026-03-11 00:01:35,671 [INFO] HTTP Request: POST https://api.deepseek.com/chat/completions "HTTP/1.1 200 OK"
2026-03-11 00:01:37,317 [INFO] HTTP Request: POST https://api.deepseek.com/chat/completions "HTTP/1.1 200 OK"
2026-03-11 00:01:38,438 [INFO] HTTP Request: POST https://api.deepseek.com/chat/completions "HTTP/1.1 200 OK"
2026-03-11 00:01:43,446 [INFO] HTTP Request: POST https://api.deepseek.com/chat/completions "HTTP/1.1 200 OK"
2026-03-11 00:01:44,817 [INFO] HTTP Request: POST https://api.deepseek.com/chat/completions "HTTP/1.1 200 OK"
2026-03-11 00:01:46,337 [INFO] HTTP Request: POST https://api.deepseek.com/chat/completions "HTTP/1.1 200 OK"
2026-03-11 00:01:48,105 [INFO] HTTP Request: POST https://api.deepseek.com/chat/completions "HTTP/1.1 200 OK"
2026-03-11 00:01:49,662 [INFO] HTTP Request: POST https://api.deepseek.com/chat/completions "HTTP/1.1 200 OK"
2026-03-11 00:01:51,058 [INFO] HTTP Request: POST https://api.deepseek.com/chat/completions "HTTP/1.1 200 OK"
2026-03-11 00:01:52,457 [INFO] HTTP Request: POST https://api.deepseek.com/chat/completions "HTTP/1.1 200 OK"
2026-03-11 00:01:53,973 [INFO] HTTP Request: POST https://api.deepseek.com/chat/completions "HTTP/1.1 200 OK"
2026-03-11 00:01:55,153 [INFO] HTTP Request: POST https://api.deepseek.com/chat/completions "HTTP/1.1 200 OK"
2026-03-11 00:01:56,595 [INFO] HTTP Request: POST https://api.deepseek.com/chat/completions "HTTP/1.1 200 OK"
2026-03-11 00:01:58,222 [INFO] HTTP Request: POST https://api.deepseek.com/chat/completions "HTTP/1.1 200 OK"
2026-03-11 00:01:59,746 [INFO] HTTP Request: POST https://api.deepseek.com/chat/completions "HTTP/1.1 200 OK"
2026-03-11 00:02:01,066 [INFO] HTTP Request: POST https://api.deepseek.com/chat/completions "HTTP/1.1 200 OK"
2026-03-11 00:02:02,171 [INFO] HTTP Request: POST https://api.deepseek.com/chat/completions "HTTP/1.1 200 OK"
2026-03-11 00:02:03,478 [INFO] HTTP Request: POST https://api.deepseek.com/chat/completions "HTTP/1.1 200 OK"
2026-03-11 00:02:04,961 [INFO] HTTP Request: POST https://api.deepseek.com/chat/completions "HTTP/1.1 200 OK"
2026-03-11 00:02:06,456 [INFO] HTTP Request: POST https://api.deepseek.com/chat/completions "HTTP/1.1 200 OK"
2026-03-11 00:02:07,855 [INFO] HTTP Request: POST https://api.deepseek.com/chat/completions "HTTP/1.1 200 OK"
2026-03-11 00:02:09,108 [INFO] HTTP Request: POST https://api.deepseek.com/chat/completions "HTTP/1.1 200 OK"
2026-03-11 00:02:10,605 [INFO] HTTP Request: POST https://api.deepseek.com/chat/completions "HTTP/1.1 200 OK"
2026-03-11 00:02:11,910 [INFO] HTTP Request: POST https://api.deepseek.com/chat/completions "HTTP/1.1 200 OK"
2026-03-11 00:02:13,236 [INFO] HTTP Request: POST https://api.deepseek.com/chat/completions "HTTP/1.1 200 OK"
2026-03-11 00:02:18,083 [INFO] HTTP Request: POST https://api.deepseek.com/chat/completions "HTTP/1.1 200 OK"
2026-03-11 00:02:19,252 [INFO] HTTP Request: POST https://api.deepseek.com/chat/completions "HTTP/1.1 200 OK"
2026-03-11 00:02:20,711 [INFO] HTTP Request: POST https://api.deepseek.com/chat/completions "HTTP/1.1 200 OK"
2026-03-11 00:02:21,615 [INFO]     game  5/10  first=baseline  →  direct wins  moves=7  104.2s
2026-03-11 00:02:22,603 [INFO] HTTP Request: POST https://api.deepseek.com/chat/completions "HTTP/1.1 200 OK"
2026-03-11 00:02:23,794 [INFO] HTTP Request: POST https://api.deepseek.com/chat/completions "HTTP/1.1 200 OK"
2026-03-11 00:02:25,259 [INFO] HTTP Request: POST https://api.deepseek.com/chat/completions "HTTP/1.1 200 OK"
2026-03-11 00:02:26,464 [INFO] HTTP Request: POST https://api.deepseek.com/chat/completions "HTTP/1.1 200 OK"
2026-03-11 00:02:28,134 [INFO] HTTP Request: POST https://api.deepseek.com/chat/completions "HTTP/1.1 200 OK"
2026-03-11 00:02:29,422 [INFO] HTTP Request: POST https://api.deepseek.com/chat/completions "HTTP/1.1 200 OK"
2026-03-11 00:02:30,673 [INFO] HTTP Request: POST https://api.deepseek.com/chat/completions "HTTP/1.1 200 OK"
2026-03-11 00:02:32,109 [INFO] HTTP Request: POST https://api.deepseek.com/chat/completions "HTTP/1.1 200 OK"
2026-03-11 00:02:33,685 [INFO] HTTP Request: POST https://api.deepseek.com/chat/completions "HTTP/1.1 200 OK"
2026-03-11 00:02:34,724 [INFO] HTTP Request: POST https://api.deepseek.com/chat/completions "HTTP/1.1 200 OK"
2026-03-11 00:02:35,918 [INFO] HTTP Request: POST https://api.deepseek.com/chat/completions "HTTP/1.1 200 OK"
2026-03-11 00:02:37,487 [INFO] HTTP Request: POST https://api.deepseek.com/chat/completions "HTTP/1.1 200 OK"
2026-03-11 00:02:38,864 [INFO] HTTP Request: POST https://api.deepseek.com/chat/completions "HTTP/1.1 200 OK"
2026-03-11 00:02:40,328 [INFO] HTTP Request: POST https://api.deepseek.com/chat/completions "HTTP/1.1 200 OK"
2026-03-11 00:02:41,782 [INFO] HTTP Request: POST https://api.deepseek.com/chat/completions "HTTP/1.1 200 OK"
2026-03-11 00:02:42,849 [INFO] HTTP Request: POST https://api.deepseek.com/chat/completions "HTTP/1.1 200 OK"
2026-03-11 00:02:44,227 [INFO] HTTP Request: POST https://api.deepseek.com/chat/completions "HTTP/1.1 200 OK"
2026-03-11 00:02:45,674 [INFO] HTTP Request: POST https://api.deepseek.com/chat/completions "HTTP/1.1 200 OK"
2026-03-11 00:02:47,117 [INFO] HTTP Request: POST https://api.deepseek.com/chat/completions "HTTP/1.1 200 OK"
2026-03-11 00:02:48,715 [INFO] HTTP Request: POST https://api.deepseek.com/chat/completions "HTTP/1.1 200 OK"
2026-03-11 00:02:49,948 [INFO] HTTP Request: POST https://api.deepseek.com/chat/completions "HTTP/1.1 200 OK"
2026-03-11 00:02:55,151 [INFO] HTTP Request: POST https://api.deepseek.com/chat/completions "HTTP/1.1 200 OK"
2026-03-11 00:02:56,560 [INFO] HTTP Request: POST https://api.deepseek.com/chat/completions "HTTP/1.1 200 OK"
2026-03-11 00:02:58,264 [INFO] HTTP Request: POST https://api.deepseek.com/chat/completions "HTTP/1.1 200 OK"
2026-03-11 00:03:00,423 [INFO] HTTP Request: POST https://api.deepseek.com/chat/completions "HTTP/1.1 200 OK"
2026-03-11 00:03:02,017 [INFO] HTTP Request: POST https://api.deepseek.com/chat/completions "HTTP/1.1 200 OK"
2026-03-11 00:03:03,317 [INFO] HTTP Request: POST https://api.deepseek.com/chat/completions "HTTP/1.1 200 OK"
2026-03-11 00:03:04,931 [INFO] HTTP Request: POST https://api.deepseek.com/chat/completions "HTTP/1.1 200 OK"
2026-03-11 00:03:06,263 [INFO] HTTP Request: POST https://api.deepseek.com/chat/completions "HTTP/1.1 200 OK"
2026-03-11 00:03:07,528 [INFO] HTTP Request: POST https://api.deepseek.com/chat/completions "HTTP/1.1 200 OK"
2026-03-11 00:03:09,199 [INFO] HTTP Request: POST https://api.deepseek.com/chat/completions "HTTP/1.1 200 OK"
2026-03-11 00:03:10,793 [INFO] HTTP Request: POST https://api.deepseek.com/chat/completions "HTTP/1.1 200 OK"
2026-03-11 00:03:12,031 [INFO] HTTP Request: POST https://api.deepseek.com/chat/completions "HTTP/1.1 200 OK"
2026-03-11 00:03:13,369 [INFO] HTTP Request: POST https://api.deepseek.com/chat/completions "HTTP/1.1 200 OK"
2026-03-11 00:03:15,006 [INFO] HTTP Request: POST https://api.deepseek.com/chat/completions "HTTP/1.1 200 OK"
2026-03-11 00:03:16,696 [INFO] HTTP Request: POST https://api.deepseek.com/chat/completions "HTTP/1.1 200 OK"
2026-03-11 00:03:17,987 [INFO] HTTP Request: POST https://api.deepseek.com/chat/completions "HTTP/1.1 200 OK"
2026-03-11 00:03:19,334 [INFO] HTTP Request: POST https://api.deepseek.com/chat/completions "HTTP/1.1 200 OK"
2026-03-11 00:03:20,735 [INFO] HTTP Request: POST https://api.deepseek.com/chat/completions "HTTP/1.1 200 OK"
2026-03-11 00:03:22,048 [INFO] HTTP Request: POST https://api.deepseek.com/chat/completions "HTTP/1.1 200 OK"
2026-03-11 00:03:23,523 [INFO] HTTP Request: POST https://api.deepseek.com/chat/completions "HTTP/1.1 200 OK"
2026-03-11 00:03:24,947 [INFO] HTTP Request: POST https://api.deepseek.com/chat/completions "HTTP/1.1 200 OK"
2026-03-11 00:03:30,215 [INFO] HTTP Request: POST https://api.deepseek.com/chat/completions "HTTP/1.1 200 OK"
2026-03-11 00:03:31,693 [INFO] HTTP Request: POST https://api.deepseek.com/chat/completions "HTTP/1.1 200 OK"
2026-03-11 00:03:33,058 [INFO] HTTP Request: POST https://api.deepseek.com/chat/completions "HTTP/1.1 200 OK"
2026-03-11 00:03:34,387 [INFO] HTTP Request: POST https://api.deepseek.com/chat/completions "HTTP/1.1 200 OK"
2026-03-11 00:03:35,865 [INFO] HTTP Request: POST https://api.deepseek.com/chat/completions "HTTP/1.1 200 OK"
2026-03-11 00:03:37,179 [INFO] HTTP Request: POST https://api.deepseek.com/chat/completions "HTTP/1.1 200 OK"
2026-03-11 00:03:38,800 [INFO] HTTP Request: POST https://api.deepseek.com/chat/completions "HTTP/1.1 200 OK"
2026-03-11 00:03:40,593 [INFO] HTTP Request: POST https://api.deepseek.com/chat/completions "HTTP/1.1 200 OK"
2026-03-11 00:03:41,951 [INFO] HTTP Request: POST https://api.deepseek.com/chat/completions "HTTP/1.1 200 OK"
2026-03-11 00:03:43,314 [INFO] HTTP Request: POST https://api.deepseek.com/chat/completions "HTTP/1.1 200 OK"
2026-03-11 00:03:44,788 [INFO] HTTP Request: POST https://api.deepseek.com/chat/completions "HTTP/1.1 200 OK"
2026-03-11 00:03:46,107 [INFO] HTTP Request: POST https://api.deepseek.com/chat/completions "HTTP/1.1 200 OK"
2026-03-11 00:03:47,583 [INFO] HTTP Request: POST https://api.deepseek.com/chat/completions "HTTP/1.1 200 OK"
2026-03-11 00:03:48,958 [INFO] HTTP Request: POST https://api.deepseek.com/chat/completions "HTTP/1.1 200 OK"
2026-03-11 00:03:50,131 [INFO]     game  6/10  first=direct    →  baseline wins  moves=7  88.5s
2026-03-11 00:03:50,418 [INFO] HTTP Request: POST https://api.deepseek.com/chat/completions "HTTP/1.1 200 OK"
2026-03-11 00:03:51,826 [INFO] HTTP Request: POST https://api.deepseek.com/chat/completions "HTTP/1.1 200 OK"
2026-03-11 00:03:53,495 [INFO] HTTP Request: POST https://api.deepseek.com/chat/completions "HTTP/1.1 200 OK"
2026-03-11 00:03:54,854 [INFO] HTTP Request: POST https://api.deepseek.com/chat/completions "HTTP/1.1 200 OK"
2026-03-11 00:03:56,452 [INFO] HTTP Request: POST https://api.deepseek.com/chat/completions "HTTP/1.1 200 OK"
2026-03-11 00:03:57,700 [INFO] HTTP Request: POST https://api.deepseek.com/chat/completions "HTTP/1.1 200 OK"
2026-03-11 00:03:59,209 [INFO] HTTP Request: POST https://api.deepseek.com/chat/completions "HTTP/1.1 200 OK"
2026-03-11 00:04:00,597 [INFO] HTTP Request: POST https://api.deepseek.com/chat/completions "HTTP/1.1 200 OK"
2026-03-11 00:04:05,779 [INFO] HTTP Request: POST https://api.deepseek.com/chat/completions "HTTP/1.1 200 OK"
2026-03-11 00:04:07,103 [INFO] HTTP Request: POST https://api.deepseek.com/chat/completions "HTTP/1.1 200 OK"
2026-03-11 00:04:08,396 [INFO] HTTP Request: POST https://api.deepseek.com/chat/completions "HTTP/1.1 200 OK"
2026-03-11 00:04:09,899 [INFO] HTTP Request: POST https://api.deepseek.com/chat/completions "HTTP/1.1 200 OK"
2026-03-11 00:04:12,083 [INFO] HTTP Request: POST https://api.deepseek.com/chat/completions "HTTP/1.1 200 OK"
2026-03-11 00:04:13,574 [INFO] HTTP Request: POST https://api.deepseek.com/chat/completions "HTTP/1.1 200 OK"
2026-03-11 00:04:14,837 [INFO] HTTP Request: POST https://api.deepseek.com/chat/completions "HTTP/1.1 200 OK"
2026-03-11 00:04:16,492 [INFO] HTTP Request: POST https://api.deepseek.com/chat/completions "HTTP/1.1 200 OK"
2026-03-11 00:04:18,102 [INFO] HTTP Request: POST https://api.deepseek.com/chat/completions "HTTP/1.1 200 OK"
2026-03-11 00:04:19,605 [INFO] HTTP Request: POST https://api.deepseek.com/chat/completions "HTTP/1.1 200 OK"
2026-03-11 00:04:20,973 [INFO] HTTP Request: POST https://api.deepseek.com/chat/completions "HTTP/1.1 200 OK"
2026-03-11 00:04:22,525 [INFO] HTTP Request: POST https://api.deepseek.com/chat/completions "HTTP/1.1 200 OK"
2026-03-11 00:04:23,969 [INFO] HTTP Request: POST https://api.deepseek.com/chat/completions "HTTP/1.1 200 OK"
2026-03-11 00:04:25,567 [INFO] HTTP Request: POST https://api.deepseek.com/chat/completions "HTTP/1.1 200 OK"
2026-03-11 00:04:27,371 [INFO] HTTP Request: POST https://api.deepseek.com/chat/completions "HTTP/1.1 200 OK"
2026-03-11 00:04:28,918 [INFO] HTTP Request: POST https://api.deepseek.com/chat/completions "HTTP/1.1 200 OK"
2026-03-11 00:04:30,338 [INFO] HTTP Request: POST https://api.deepseek.com/chat/completions "HTTP/1.1 200 OK"
2026-03-11 00:04:31,815 [INFO] HTTP Request: POST https://api.deepseek.com/chat/completions "HTTP/1.1 200 OK"
2026-03-11 00:04:33,353 [INFO] HTTP Request: POST https://api.deepseek.com/chat/completions "HTTP/1.1 200 OK"
2026-03-11 00:04:34,914 [INFO] HTTP Request: POST https://api.deepseek.com/chat/completions "HTTP/1.1 200 OK"
2026-03-11 00:04:36,049 [INFO] HTTP Request: POST https://api.deepseek.com/chat/completions "HTTP/1.1 200 OK"
2026-03-11 00:04:37,473 [INFO] HTTP Request: POST https://api.deepseek.com/chat/completions "HTTP/1.1 200 OK"
2026-03-11 00:04:42,510 [INFO] HTTP Request: POST https://api.deepseek.com/chat/completions "HTTP/1.1 200 OK"
2026-03-11 00:04:43,953 [INFO] HTTP Request: POST https://api.deepseek.com/chat/completions "HTTP/1.1 200 OK"
2026-03-11 00:04:45,388 [INFO] HTTP Request: POST https://api.deepseek.com/chat/completions "HTTP/1.1 200 OK"
2026-03-11 00:04:46,632 [INFO] HTTP Request: POST https://api.deepseek.com/chat/completions "HTTP/1.1 200 OK"
2026-03-11 00:04:48,318 [INFO] HTTP Request: POST https://api.deepseek.com/chat/completions "HTTP/1.1 200 OK"
2026-03-11 00:04:49,777 [INFO] HTTP Request: POST https://api.deepseek.com/chat/completions "HTTP/1.1 200 OK"
2026-03-11 00:04:51,432 [INFO] HTTP Request: POST https://api.deepseek.com/chat/completions "HTTP/1.1 200 OK"
2026-03-11 00:04:53,440 [INFO] HTTP Request: POST https://api.deepseek.com/chat/completions "HTTP/1.1 200 OK"
2026-03-11 00:04:54,596 [INFO] HTTP Request: POST https://api.deepseek.com/chat/completions "HTTP/1.1 200 OK"
2026-03-11 00:04:56,066 [INFO] HTTP Request: POST https://api.deepseek.com/chat/completions "HTTP/1.1 200 OK"
2026-03-11 00:04:57,585 [INFO] HTTP Request: POST https://api.deepseek.com/chat/completions "HTTP/1.1 200 OK"
2026-03-11 00:04:58,880 [INFO] HTTP Request: POST https://api.deepseek.com/chat/completions "HTTP/1.1 200 OK"
2026-03-11 00:05:00,286 [INFO] HTTP Request: POST https://api.deepseek.com/chat/completions "HTTP/1.1 200 OK"
2026-03-11 00:05:01,669 [INFO] HTTP Request: POST https://api.deepseek.com/chat/completions "HTTP/1.1 200 OK"
2026-03-11 00:05:03,261 [INFO] HTTP Request: POST https://api.deepseek.com/chat/completions "HTTP/1.1 200 OK"
2026-03-11 00:05:04,663 [INFO] HTTP Request: POST https://api.deepseek.com/chat/completions "HTTP/1.1 200 OK"
2026-03-11 00:05:06,312 [INFO] HTTP Request: POST https://api.deepseek.com/chat/completions "HTTP/1.1 200 OK"
2026-03-11 00:05:07,834 [INFO] HTTP Request: POST https://api.deepseek.com/chat/completions "HTTP/1.1 200 OK"
2026-03-11 00:05:09,377 [INFO] HTTP Request: POST https://api.deepseek.com/chat/completions "HTTP/1.1 200 OK"
2026-03-11 00:05:10,797 [INFO] HTTP Request: POST https://api.deepseek.com/chat/completions "HTTP/1.1 200 OK"
2026-03-11 00:05:11,967 [INFO] HTTP Request: POST https://api.deepseek.com/chat/completions "HTTP/1.1 200 OK"
2026-03-11 00:05:13,524 [INFO] HTTP Request: POST https://api.deepseek.com/chat/completions "HTTP/1.1 200 OK"
2026-03-11 00:05:18,587 [INFO] HTTP Request: POST https://api.deepseek.com/chat/completions "HTTP/1.1 200 OK"
2026-03-11 00:05:19,655 [INFO] HTTP Request: POST https://api.deepseek.com/chat/completions "HTTP/1.1 200 OK"
2026-03-11 00:05:20,726 [INFO] HTTP Request: POST https://api.deepseek.com/chat/completions "HTTP/1.1 200 OK"
2026-03-11 00:05:22,368 [INFO] HTTP Request: POST https://api.deepseek.com/chat/completions "HTTP/1.1 200 OK"
2026-03-11 00:05:23,759 [INFO] HTTP Request: POST https://api.deepseek.com/chat/completions "HTTP/1.1 200 OK"
2026-03-11 00:05:25,121 [INFO] HTTP Request: POST https://api.deepseek.com/chat/completions "HTTP/1.1 200 OK"
2026-03-11 00:05:26,367 [INFO] HTTP Request: POST https://api.deepseek.com/chat/completions "HTTP/1.1 200 OK"
2026-03-11 00:05:27,734 [INFO] HTTP Request: POST https://api.deepseek.com/chat/completions "HTTP/1.1 200 OK"
2026-03-11 00:05:29,529 [INFO] HTTP Request: POST https://api.deepseek.com/chat/completions "HTTP/1.1 200 OK"
2026-03-11 00:05:31,078 [INFO] HTTP Request: POST https://api.deepseek.com/chat/completions "HTTP/1.1 200 OK"
2026-03-11 00:05:32,584 [INFO] HTTP Request: POST https://api.deepseek.com/chat/completions "HTTP/1.1 200 OK"
2026-03-11 00:05:33,992 [INFO] HTTP Request: POST https://api.deepseek.com/chat/completions "HTTP/1.1 200 OK"
2026-03-11 00:05:35,375 [INFO] HTTP Request: POST https://api.deepseek.com/chat/completions "HTTP/1.1 200 OK"
2026-03-11 00:05:36,790 [INFO] HTTP Request: POST https://api.deepseek.com/chat/completions "HTTP/1.1 200 OK"
2026-03-11 00:05:38,325 [INFO] HTTP Request: POST https://api.deepseek.com/chat/completions "HTTP/1.1 200 OK"
2026-03-11 00:05:39,879 [INFO] HTTP Request: POST https://api.deepseek.com/chat/completions "HTTP/1.1 200 OK"
2026-03-11 00:05:41,260 [INFO] HTTP Request: POST https://api.deepseek.com/chat/completions "HTTP/1.1 200 OK"
2026-03-11 00:05:42,559 [INFO] HTTP Request: POST https://api.deepseek.com/chat/completions "HTTP/1.1 200 OK"
2026-03-11 00:05:44,074 [INFO] HTTP Request: POST https://api.deepseek.com/chat/completions "HTTP/1.1 200 OK"
2026-03-11 00:05:45,792 [INFO] HTTP Request: POST https://api.deepseek.com/chat/completions "HTTP/1.1 200 OK"
2026-03-11 00:05:47,224 [INFO] HTTP Request: POST https://api.deepseek.com/chat/completions "HTTP/1.1 200 OK"
2026-03-11 00:05:48,679 [INFO] HTTP Request: POST https://api.deepseek.com/chat/completions "HTTP/1.1 200 OK"
2026-03-11 00:05:53,532 [INFO] HTTP Request: POST https://api.deepseek.com/chat/completions "HTTP/1.1 200 OK"
2026-03-11 00:05:54,740 [INFO] HTTP Request: POST https://api.deepseek.com/chat/completions "HTTP/1.1 200 OK"
2026-03-11 00:05:56,085 [INFO] HTTP Request: POST https://api.deepseek.com/chat/completions "HTTP/1.1 200 OK"
2026-03-11 00:05:57,352 [INFO] HTTP Request: POST https://api.deepseek.com/chat/completions "HTTP/1.1 200 OK"
2026-03-11 00:05:58,967 [INFO] HTTP Request: POST https://api.deepseek.com/chat/completions "HTTP/1.1 200 OK"
2026-03-11 00:06:00,290 [INFO] HTTP Request: POST https://api.deepseek.com/chat/completions "HTTP/1.1 200 OK"
2026-03-11 00:06:01,987 [INFO] HTTP Request: POST https://api.deepseek.com/chat/completions "HTTP/1.1 200 OK"
2026-03-11 00:06:03,382 [INFO] HTTP Request: POST https://api.deepseek.com/chat/completions "HTTP/1.1 200 OK"
2026-03-11 00:06:04,920 [INFO] HTTP Request: POST https://api.deepseek.com/chat/completions "HTTP/1.1 200 OK"
2026-03-11 00:06:06,808 [INFO] HTTP Request: POST https://api.deepseek.com/chat/completions "HTTP/1.1 200 OK"
2026-03-11 00:06:08,038 [INFO] HTTP Request: POST https://api.deepseek.com/chat/completions "HTTP/1.1 200 OK"
2026-03-11 00:06:09,483 [INFO] HTTP Request: POST https://api.deepseek.com/chat/completions "HTTP/1.1 200 OK"
2026-03-11 00:06:10,923 [INFO] HTTP Request: POST https://api.deepseek.com/chat/completions "HTTP/1.1 200 OK"
2026-03-11 00:06:12,155 [INFO] HTTP Request: POST https://api.deepseek.com/chat/completions "HTTP/1.1 200 OK"
2026-03-11 00:06:13,734 [INFO] HTTP Request: POST https://api.deepseek.com/chat/completions "HTTP/1.1 200 OK"
2026-03-11 00:06:15,295 [INFO] HTTP Request: POST https://api.deepseek.com/chat/completions "HTTP/1.1 200 OK"
2026-03-11 00:06:16,780 [INFO] HTTP Request: POST https://api.deepseek.com/chat/completions "HTTP/1.1 200 OK"
2026-03-11 00:06:18,362 [INFO] HTTP Request: POST https://api.deepseek.com/chat/completions "HTTP/1.1 200 OK"
2026-03-11 00:06:19,973 [INFO] HTTP Request: POST https://api.deepseek.com/chat/completions "HTTP/1.1 200 OK"
2026-03-11 00:06:21,328 [INFO] HTTP Request: POST https://api.deepseek.com/chat/completions "HTTP/1.1 200 OK"
2026-03-11 00:06:22,651 [INFO] HTTP Request: POST https://api.deepseek.com/chat/completions "HTTP/1.1 200 OK"
2026-03-11 00:06:23,976 [INFO] HTTP Request: POST https://api.deepseek.com/chat/completions "HTTP/1.1 200 OK"
2026-03-11 00:06:29,103 [INFO] HTTP Request: POST https://api.deepseek.com/chat/completions "HTTP/1.1 200 OK"
2026-03-11 00:06:30,498 [INFO] HTTP Request: POST https://api.deepseek.com/chat/completions "HTTP/1.1 200 OK"
2026-03-11 00:06:32,027 [INFO] HTTP Request: POST https://api.deepseek.com/chat/completions "HTTP/1.1 200 OK"
2026-03-11 00:06:33,288 [INFO] HTTP Request: POST https://api.deepseek.com/chat/completions "HTTP/1.1 200 OK"
2026-03-11 00:06:34,751 [INFO] HTTP Request: POST https://api.deepseek.com/chat/completions "HTTP/1.1 200 OK"
2026-03-11 00:06:36,063 [INFO] HTTP Request: POST https://api.deepseek.com/chat/completions "HTTP/1.1 200 OK"
2026-03-11 00:06:37,637 [INFO] HTTP Request: POST https://api.deepseek.com/chat/completions "HTTP/1.1 200 OK"
2026-03-11 00:06:39,255 [INFO] HTTP Request: POST https://api.deepseek.com/chat/completions "HTTP/1.1 200 OK"
2026-03-11 00:06:40,753 [INFO] HTTP Request: POST https://api.deepseek.com/chat/completions "HTTP/1.1 200 OK"
2026-03-11 00:06:41,978 [INFO] HTTP Request: POST https://api.deepseek.com/chat/completions "HTTP/1.1 200 OK"
2026-03-11 00:06:43,951 [INFO] HTTP Request: POST https://api.deepseek.com/chat/completions "HTTP/1.1 200 OK"
2026-03-11 00:06:45,761 [INFO] HTTP Request: POST https://api.deepseek.com/chat/completions "HTTP/1.1 200 OK"
2026-03-11 00:06:48,144 [INFO] HTTP Request: POST https://api.deepseek.com/chat/completions "HTTP/1.1 200 OK"
2026-03-11 00:06:50,319 [INFO] HTTP Request: POST https://api.deepseek.com/chat/completions "HTTP/1.1 200 OK"
2026-03-11 00:06:52,091 [INFO] HTTP Request: POST https://api.deepseek.com/chat/completions "HTTP/1.1 200 OK"
2026-03-11 00:06:54,273 [INFO] HTTP Request: POST https://api.deepseek.com/chat/completions "HTTP/1.1 200 OK"
2026-03-11 00:06:56,572 [INFO] HTTP Request: POST https://api.deepseek.com/chat/completions "HTTP/1.1 200 OK"
2026-03-11 00:06:58,859 [INFO] HTTP Request: POST https://api.deepseek.com/chat/completions "HTTP/1.1 200 OK"
2026-03-11 00:07:05,861 [INFO] HTTP Request: POST https://api.deepseek.com/chat/completions "HTTP/1.1 200 OK"
2026-03-11 00:07:08,836 [INFO] HTTP Request: POST https://api.deepseek.com/chat/completions "HTTP/1.1 200 OK"
2026-03-11 00:07:11,603 [INFO] HTTP Request: POST https://api.deepseek.com/chat/completions "HTTP/1.1 200 OK"
2026-03-11 00:07:14,933 [INFO] HTTP Request: POST https://api.deepseek.com/chat/completions "HTTP/1.1 200 OK"
2026-03-11 00:07:18,400 [INFO] HTTP Request: POST https://api.deepseek.com/chat/completions "HTTP/1.1 200 OK"
2026-03-11 00:07:20,583 [INFO] HTTP Request: POST https://api.deepseek.com/chat/completions "HTTP/1.1 200 OK"
2026-03-11 00:07:22,254 [INFO] HTTP Request: POST https://api.deepseek.com/chat/completions "HTTP/1.1 200 OK"
2026-03-11 00:07:23,734 [INFO] HTTP Request: POST https://api.deepseek.com/chat/completions "HTTP/1.1 200 OK"
2026-03-11 00:07:25,188 [INFO] HTTP Request: POST https://api.deepseek.com/chat/completions "HTTP/1.1 200 OK"
2026-03-11 00:07:26,539 [INFO] HTTP Request: POST https://api.deepseek.com/chat/completions "HTTP/1.1 200 OK"
2026-03-11 00:07:28,110 [INFO] HTTP Request: POST https://api.deepseek.com/chat/completions "HTTP/1.1 200 OK"
2026-03-11 00:07:29,788 [INFO] HTTP Request: POST https://api.deepseek.com/chat/completions "HTTP/1.1 200 OK"
2026-03-11 00:07:31,641 [INFO] HTTP Request: POST https://api.deepseek.com/chat/completions "HTTP/1.1 200 OK"
2026-03-11 00:07:33,614 [INFO] HTTP Request: POST https://api.deepseek.com/chat/completions "HTTP/1.1 200 OK"
2026-03-11 00:07:36,082 [INFO] HTTP Request: POST https://api.deepseek.com/chat/completions "HTTP/1.1 200 OK"
2026-03-11 00:07:42,571 [INFO] HTTP Request: POST https://api.deepseek.com/chat/completions "HTTP/1.1 200 OK"
2026-03-11 00:07:44,387 [INFO] HTTP Request: POST https://api.deepseek.com/chat/completions "HTTP/1.1 200 OK"
2026-03-11 00:07:46,157 [INFO] HTTP Request: POST https://api.deepseek.com/chat/completions "HTTP/1.1 200 OK"
2026-03-11 00:07:47,334 [INFO] HTTP Request: POST https://api.deepseek.com/chat/completions "HTTP/1.1 200 OK"
2026-03-11 00:07:48,755 [INFO] HTTP Request: POST https://api.deepseek.com/chat/completions "HTTP/1.1 200 OK"
2026-03-11 00:07:50,104 [INFO] HTTP Request: POST https://api.deepseek.com/chat/completions "HTTP/1.1 200 OK"
2026-03-11 00:07:51,351 [INFO] HTTP Request: POST https://api.deepseek.com/chat/completions "HTTP/1.1 200 OK"
2026-03-11 00:07:52,737 [INFO] HTTP Request: POST https://api.deepseek.com/chat/completions "HTTP/1.1 200 OK"
2026-03-11 00:07:54,093 [INFO] HTTP Request: POST https://api.deepseek.com/chat/completions "HTTP/1.1 200 OK"
2026-03-11 00:07:55,476 [INFO] HTTP Request: POST https://api.deepseek.com/chat/completions "HTTP/1.1 200 OK"
2026-03-11 00:07:57,037 [INFO] HTTP Request: POST https://api.deepseek.com/chat/completions "HTTP/1.1 200 OK"
2026-03-11 00:07:58,133 [INFO] HTTP Request: POST https://api.deepseek.com/chat/completions "HTTP/1.1 200 OK"
2026-03-11 00:07:59,424 [INFO] HTTP Request: POST https://api.deepseek.com/chat/completions "HTTP/1.1 200 OK"
2026-03-11 00:08:01,133 [INFO] HTTP Request: POST https://api.deepseek.com/chat/completions "HTTP/1.1 200 OK"
2026-03-11 00:08:02,352 [INFO] HTTP Request: POST https://api.deepseek.com/chat/completions "HTTP/1.1 200 OK"
2026-03-11 00:08:03,879 [INFO] HTTP Request: POST https://api.deepseek.com/chat/completions "HTTP/1.1 200 OK"
2026-03-11 00:08:05,237 [INFO] HTTP Request: POST https://api.deepseek.com/chat/completions "HTTP/1.1 200 OK"
2026-03-11 00:08:06,897 [INFO] HTTP Request: POST https://api.deepseek.com/chat/completions "HTTP/1.1 200 OK"
2026-03-11 00:08:08,364 [INFO] HTTP Request: POST https://api.deepseek.com/chat/completions "HTTP/1.1 200 OK"
2026-03-11 00:08:09,840 [INFO] HTTP Request: POST https://api.deepseek.com/chat/completions "HTTP/1.1 200 OK"
2026-03-11 00:08:11,297 [INFO] HTTP Request: POST https://api.deepseek.com/chat/completions "HTTP/1.1 200 OK"
2026-03-11 00:08:12,684 [INFO] HTTP Request: POST https://api.deepseek.com/chat/completions "HTTP/1.1 200 OK"
2026-03-11 00:08:17,538 [INFO] HTTP Request: POST https://api.deepseek.com/chat/completions "HTTP/1.1 200 OK"
2026-03-11 00:08:19,080 [INFO] HTTP Request: POST https://api.deepseek.com/chat/completions "HTTP/1.1 200 OK"
2026-03-11 00:08:20,466 [INFO] HTTP Request: POST https://api.deepseek.com/chat/completions "HTTP/1.1 200 OK"
2026-03-11 00:08:22,041 [INFO] HTTP Request: POST https://api.deepseek.com/chat/completions "HTTP/1.1 200 OK"
2026-03-11 00:08:23,410 [INFO] HTTP Request: POST https://api.deepseek.com/chat/completions "HTTP/1.1 200 OK"
2026-03-11 00:08:24,940 [INFO] HTTP Request: POST https://api.deepseek.com/chat/completions "HTTP/1.1 200 OK"
2026-03-11 00:08:26,256 [INFO] HTTP Request: POST https://api.deepseek.com/chat/completions "HTTP/1.1 200 OK"
2026-03-11 00:08:27,533 [INFO] HTTP Request: POST https://api.deepseek.com/chat/completions "HTTP/1.1 200 OK"
2026-03-11 00:08:28,914 [INFO] HTTP Request: POST https://api.deepseek.com/chat/completions "HTTP/1.1 200 OK"
2026-03-11 00:08:30,205 [INFO] HTTP Request: POST https://api.deepseek.com/chat/completions "HTTP/1.1 200 OK"
2026-03-11 00:08:32,392 [INFO] HTTP Request: POST https://api.deepseek.com/chat/completions "HTTP/1.1 200 OK"
2026-03-11 00:08:33,723 [INFO] HTTP Request: POST https://api.deepseek.com/chat/completions "HTTP/1.1 200 OK"
2026-03-11 00:08:34,985 [INFO]     game  7/10  first=baseline  →  baseline wins  moves=16  284.9s
2026-03-11 00:08:35,979 [INFO] HTTP Request: POST https://api.deepseek.com/chat/completions "HTTP/1.1 200 OK"
2026-03-11 00:08:37,307 [INFO] HTTP Request: POST https://api.deepseek.com/chat/completions "HTTP/1.1 200 OK"
2026-03-11 00:08:38,872 [INFO] HTTP Request: POST https://api.deepseek.com/chat/completions "HTTP/1.1 200 OK"
2026-03-11 00:08:40,204 [INFO] HTTP Request: POST https://api.deepseek.com/chat/completions "HTTP/1.1 200 OK"
2026-03-11 00:08:41,463 [INFO] HTTP Request: POST https://api.deepseek.com/chat/completions "HTTP/1.1 200 OK"
2026-03-11 00:08:42,954 [INFO] HTTP Request: POST https://api.deepseek.com/chat/completions "HTTP/1.1 200 OK"
2026-03-11 00:08:44,550 [INFO] HTTP Request: POST https://api.deepseek.com/chat/completions "HTTP/1.1 200 OK"
2026-03-11 00:08:46,113 [INFO] HTTP Request: POST https://api.deepseek.com/chat/completions "HTTP/1.1 200 OK"
2026-03-11 00:08:47,867 [INFO] HTTP Request: POST https://api.deepseek.com/chat/completions "HTTP/1.1 200 OK"
2026-03-11 00:08:52,935 [INFO] HTTP Request: POST https://api.deepseek.com/chat/completions "HTTP/1.1 200 OK"
2026-03-11 00:08:54,537 [INFO] HTTP Request: POST https://api.deepseek.com/chat/completions "HTTP/1.1 200 OK"
2026-03-11 00:08:55,953 [INFO] HTTP Request: POST https://api.deepseek.com/chat/completions "HTTP/1.1 200 OK"
2026-03-11 00:08:57,186 [INFO] HTTP Request: POST https://api.deepseek.com/chat/completions "HTTP/1.1 200 OK"
2026-03-11 00:08:58,502 [INFO] HTTP Request: POST https://api.deepseek.com/chat/completions "HTTP/1.1 200 OK"
2026-03-11 00:09:00,108 [INFO] HTTP Request: POST https://api.deepseek.com/chat/completions "HTTP/1.1 200 OK"
2026-03-11 00:09:02,438 [INFO] HTTP Request: POST https://api.deepseek.com/chat/completions "HTTP/1.1 200 OK"
2026-03-11 00:09:03,638 [INFO] HTTP Request: POST https://api.deepseek.com/chat/completions "HTTP/1.1 200 OK"
2026-03-11 00:09:05,046 [INFO] HTTP Request: POST https://api.deepseek.com/chat/completions "HTTP/1.1 200 OK"
2026-03-11 00:09:06,556 [INFO] HTTP Request: POST https://api.deepseek.com/chat/completions "HTTP/1.1 200 OK"
2026-03-11 00:09:08,076 [INFO] HTTP Request: POST https://api.deepseek.com/chat/completions "HTTP/1.1 200 OK"
2026-03-11 00:09:09,567 [INFO] HTTP Request: POST https://api.deepseek.com/chat/completions "HTTP/1.1 200 OK"
2026-03-11 00:09:10,896 [INFO] HTTP Request: POST https://api.deepseek.com/chat/completions "HTTP/1.1 200 OK"
2026-03-11 00:09:12,052 [INFO] HTTP Request: POST https://api.deepseek.com/chat/completions "HTTP/1.1 200 OK"
2026-03-11 00:09:13,239 [INFO] HTTP Request: POST https://api.deepseek.com/chat/completions "HTTP/1.1 200 OK"
2026-03-11 00:09:14,666 [INFO] HTTP Request: POST https://api.deepseek.com/chat/completions "HTTP/1.1 200 OK"
2026-03-11 00:09:15,872 [INFO] HTTP Request: POST https://api.deepseek.com/chat/completions "HTTP/1.1 200 OK"
2026-03-11 00:09:17,358 [INFO] HTTP Request: POST https://api.deepseek.com/chat/completions "HTTP/1.1 200 OK"
2026-03-11 00:09:18,464 [INFO] HTTP Request: POST https://api.deepseek.com/chat/completions "HTTP/1.1 200 OK"
2026-03-11 00:09:19,766 [INFO] HTTP Request: POST https://api.deepseek.com/chat/completions "HTTP/1.1 200 OK"
2026-03-11 00:09:21,065 [INFO] HTTP Request: POST https://api.deepseek.com/chat/completions "HTTP/1.1 200 OK"
2026-03-11 00:09:22,613 [INFO] HTTP Request: POST https://api.deepseek.com/chat/completions "HTTP/1.1 200 OK"
2026-03-11 00:09:23,799 [INFO] HTTP Request: POST https://api.deepseek.com/chat/completions "HTTP/1.1 200 OK"
2026-03-11 00:09:29,072 [INFO] HTTP Request: POST https://api.deepseek.com/chat/completions "HTTP/1.1 200 OK"
2026-03-11 00:09:30,368 [INFO] HTTP Request: POST https://api.deepseek.com/chat/completions "HTTP/1.1 200 OK"
2026-03-11 00:09:31,741 [INFO] HTTP Request: POST https://api.deepseek.com/chat/completions "HTTP/1.1 200 OK"
2026-03-11 00:09:32,961 [INFO] HTTP Request: POST https://api.deepseek.com/chat/completions "HTTP/1.1 200 OK"
2026-03-11 00:09:34,784 [INFO] HTTP Request: POST https://api.deepseek.com/chat/completions "HTTP/1.1 200 OK"
2026-03-11 00:09:35,940 [INFO] HTTP Request: POST https://api.deepseek.com/chat/completions "HTTP/1.1 200 OK"
2026-03-11 00:09:37,513 [INFO] HTTP Request: POST https://api.deepseek.com/chat/completions "HTTP/1.1 200 OK"
2026-03-11 00:09:39,374 [INFO] HTTP Request: POST https://api.deepseek.com/chat/completions "HTTP/1.1 200 OK"
2026-03-11 00:09:41,103 [INFO] HTTP Request: POST https://api.deepseek.com/chat/completions "HTTP/1.1 200 OK"
2026-03-11 00:09:42,303 [INFO] HTTP Request: POST https://api.deepseek.com/chat/completions "HTTP/1.1 200 OK"
2026-03-11 00:09:43,563 [INFO] HTTP Request: POST https://api.deepseek.com/chat/completions "HTTP/1.1 200 OK"
2026-03-11 00:09:45,168 [INFO] HTTP Request: POST https://api.deepseek.com/chat/completions "HTTP/1.1 200 OK"
2026-03-11 00:09:46,507 [INFO] HTTP Request: POST https://api.deepseek.com/chat/completions "HTTP/1.1 200 OK"
2026-03-11 00:09:48,025 [INFO] HTTP Request: POST https://api.deepseek.com/chat/completions "HTTP/1.1 200 OK"
2026-03-11 00:09:49,309 [INFO] HTTP Request: POST https://api.deepseek.com/chat/completions "HTTP/1.1 200 OK"
2026-03-11 00:09:50,813 [INFO] HTTP Request: POST https://api.deepseek.com/chat/completions "HTTP/1.1 200 OK"
2026-03-11 00:09:52,089 [INFO] HTTP Request: POST https://api.deepseek.com/chat/completions "HTTP/1.1 200 OK"
2026-03-11 00:09:53,492 [INFO] HTTP Request: POST https://api.deepseek.com/chat/completions "HTTP/1.1 200 OK"
2026-03-11 00:09:54,900 [INFO] HTTP Request: POST https://api.deepseek.com/chat/completions "HTTP/1.1 200 OK"
2026-03-11 00:09:56,326 [INFO] HTTP Request: POST https://api.deepseek.com/chat/completions "HTTP/1.1 200 OK"
2026-03-11 00:09:57,571 [INFO] HTTP Request: POST https://api.deepseek.com/chat/completions "HTTP/1.1 200 OK"
2026-03-11 00:09:58,831 [INFO]     game  8/10  first=direct    →  baseline wins  moves=7  83.8s
2026-03-11 00:09:59,137 [INFO] HTTP Request: POST https://api.deepseek.com/chat/completions "HTTP/1.1 200 OK"
2026-03-11 00:10:04,053 [INFO] HTTP Request: POST https://api.deepseek.com/chat/completions "HTTP/1.1 200 OK"
2026-03-11 00:10:05,255 [INFO] HTTP Request: POST https://api.deepseek.com/chat/completions "HTTP/1.1 200 OK"
2026-03-11 00:10:06,605 [INFO] HTTP Request: POST https://api.deepseek.com/chat/completions "HTTP/1.1 200 OK"
2026-03-11 00:10:07,919 [INFO] HTTP Request: POST https://api.deepseek.com/chat/completions "HTTP/1.1 200 OK"
2026-03-11 00:10:09,272 [INFO] HTTP Request: POST https://api.deepseek.com/chat/completions "HTTP/1.1 200 OK"
2026-03-11 00:10:10,630 [INFO] HTTP Request: POST https://api.deepseek.com/chat/completions "HTTP/1.1 200 OK"
2026-03-11 00:10:11,943 [INFO] HTTP Request: POST https://api.deepseek.com/chat/completions "HTTP/1.1 200 OK"
2026-03-11 00:10:13,537 [INFO] HTTP Request: POST https://api.deepseek.com/chat/completions "HTTP/1.1 200 OK"
2026-03-11 00:10:15,066 [INFO] HTTP Request: POST https://api.deepseek.com/chat/completions "HTTP/1.1 200 OK"
2026-03-11 00:10:16,588 [INFO] HTTP Request: POST https://api.deepseek.com/chat/completions "HTTP/1.1 200 OK"
2026-03-11 00:10:18,217 [INFO] HTTP Request: POST https://api.deepseek.com/chat/completions "HTTP/1.1 200 OK"
2026-03-11 00:10:19,802 [INFO] HTTP Request: POST https://api.deepseek.com/chat/completions "HTTP/1.1 200 OK"
2026-03-11 00:10:21,731 [INFO] HTTP Request: POST https://api.deepseek.com/chat/completions "HTTP/1.1 200 OK"
2026-03-11 00:10:23,226 [INFO] HTTP Request: POST https://api.deepseek.com/chat/completions "HTTP/1.1 200 OK"
2026-03-11 00:10:24,853 [INFO] HTTP Request: POST https://api.deepseek.com/chat/completions "HTTP/1.1 200 OK"
2026-03-11 00:10:26,348 [INFO] HTTP Request: POST https://api.deepseek.com/chat/completions "HTTP/1.1 200 OK"
2026-03-11 00:10:27,826 [INFO] HTTP Request: POST https://api.deepseek.com/chat/completions "HTTP/1.1 200 OK"
2026-03-11 00:10:29,226 [INFO] HTTP Request: POST https://api.deepseek.com/chat/completions "HTTP/1.1 200 OK"
2026-03-11 00:10:30,711 [INFO] HTTP Request: POST https://api.deepseek.com/chat/completions "HTTP/1.1 200 OK"
2026-03-11 00:10:32,325 [INFO] HTTP Request: POST https://api.deepseek.com/chat/completions "HTTP/1.1 200 OK"
2026-03-11 00:10:33,590 [INFO] HTTP Request: POST https://api.deepseek.com/chat/completions "HTTP/1.1 200 OK"
2026-03-11 00:10:35,163 [INFO] HTTP Request: POST https://api.deepseek.com/chat/completions "HTTP/1.1 200 OK"
2026-03-11 00:10:40,165 [INFO] HTTP Request: POST https://api.deepseek.com/chat/completions "HTTP/1.1 200 OK"
2026-03-11 00:10:41,990 [INFO] HTTP Request: POST https://api.deepseek.com/chat/completions "HTTP/1.1 200 OK"
2026-03-11 00:10:43,543 [INFO] HTTP Request: POST https://api.deepseek.com/chat/completions "HTTP/1.1 200 OK"
2026-03-11 00:10:44,936 [INFO] HTTP Request: POST https://api.deepseek.com/chat/completions "HTTP/1.1 200 OK"
2026-03-11 00:10:46,452 [INFO] HTTP Request: POST https://api.deepseek.com/chat/completions "HTTP/1.1 200 OK"
2026-03-11 00:10:47,732 [INFO] HTTP Request: POST https://api.deepseek.com/chat/completions "HTTP/1.1 200 OK"
2026-03-11 00:10:49,143 [INFO] HTTP Request: POST https://api.deepseek.com/chat/completions "HTTP/1.1 200 OK"
2026-03-11 00:10:50,706 [INFO] HTTP Request: POST https://api.deepseek.com/chat/completions "HTTP/1.1 200 OK"
2026-03-11 00:10:51,984 [INFO] HTTP Request: POST https://api.deepseek.com/chat/completions "HTTP/1.1 200 OK"
2026-03-11 00:10:53,166 [INFO] HTTP Request: POST https://api.deepseek.com/chat/completions "HTTP/1.1 200 OK"
2026-03-11 00:10:54,780 [INFO] HTTP Request: POST https://api.deepseek.com/chat/completions "HTTP/1.1 200 OK"
2026-03-11 00:10:56,180 [INFO] HTTP Request: POST https://api.deepseek.com/chat/completions "HTTP/1.1 200 OK"
2026-03-11 00:10:57,753 [INFO] HTTP Request: POST https://api.deepseek.com/chat/completions "HTTP/1.1 200 OK"
2026-03-11 00:10:59,075 [INFO] HTTP Request: POST https://api.deepseek.com/chat/completions "HTTP/1.1 200 OK"
2026-03-11 00:11:00,595 [INFO] HTTP Request: POST https://api.deepseek.com/chat/completions "HTTP/1.1 200 OK"
2026-03-11 00:11:01,995 [INFO] HTTP Request: POST https://api.deepseek.com/chat/completions "HTTP/1.1 200 OK"
2026-03-11 00:11:03,300 [INFO] HTTP Request: POST https://api.deepseek.com/chat/completions "HTTP/1.1 200 OK"
2026-03-11 00:11:04,738 [INFO] HTTP Request: POST https://api.deepseek.com/chat/completions "HTTP/1.1 200 OK"
2026-03-11 00:11:06,275 [INFO] HTTP Request: POST https://api.deepseek.com/chat/completions "HTTP/1.1 200 OK"
2026-03-11 00:11:07,865 [INFO] HTTP Request: POST https://api.deepseek.com/chat/completions "HTTP/1.1 200 OK"
2026-03-11 00:11:09,743 [INFO] HTTP Request: POST https://api.deepseek.com/chat/completions "HTTP/1.1 200 OK"
2026-03-11 00:11:11,041 [INFO] HTTP Request: POST https://api.deepseek.com/chat/completions "HTTP/1.1 200 OK"
2026-03-11 00:11:16,173 [INFO] HTTP Request: POST https://api.deepseek.com/chat/completions "HTTP/1.1 200 OK"
2026-03-11 00:11:17,874 [INFO] HTTP Request: POST https://api.deepseek.com/chat/completions "HTTP/1.1 200 OK"
2026-03-11 00:11:19,101 [INFO] HTTP Request: POST https://api.deepseek.com/chat/completions "HTTP/1.1 200 OK"
2026-03-11 00:11:20,658 [INFO] HTTP Request: POST https://api.deepseek.com/chat/completions "HTTP/1.1 200 OK"
2026-03-11 00:11:22,395 [INFO] HTTP Request: POST https://api.deepseek.com/chat/completions "HTTP/1.1 200 OK"
2026-03-11 00:11:23,926 [INFO] HTTP Request: POST https://api.deepseek.com/chat/completions "HTTP/1.1 200 OK"
2026-03-11 00:11:25,670 [INFO] HTTP Request: POST https://api.deepseek.com/chat/completions "HTTP/1.1 200 OK"
2026-03-11 00:11:27,507 [INFO] HTTP Request: POST https://api.deepseek.com/chat/completions "HTTP/1.1 200 OK"
2026-03-11 00:11:28,987 [INFO] HTTP Request: POST https://api.deepseek.com/chat/completions "HTTP/1.1 200 OK"
2026-03-11 00:11:30,518 [INFO] HTTP Request: POST https://api.deepseek.com/chat/completions "HTTP/1.1 200 OK"
2026-03-11 00:11:31,423 [INFO]     game  9/10  first=baseline  →  direct wins  moves=7  92.6s
2026-03-11 00:11:32,379 [INFO] HTTP Request: POST https://api.deepseek.com/chat/completions "HTTP/1.1 200 OK"
2026-03-11 00:11:33,491 [INFO] HTTP Request: POST https://api.deepseek.com/chat/completions "HTTP/1.1 200 OK"
2026-03-11 00:11:35,117 [INFO] HTTP Request: POST https://api.deepseek.com/chat/completions "HTTP/1.1 200 OK"
2026-03-11 00:11:36,732 [INFO] HTTP Request: POST https://api.deepseek.com/chat/completions "HTTP/1.1 200 OK"
2026-03-11 00:11:38,197 [INFO] HTTP Request: POST https://api.deepseek.com/chat/completions "HTTP/1.1 200 OK"
2026-03-11 00:11:39,633 [INFO] HTTP Request: POST https://api.deepseek.com/chat/completions "HTTP/1.1 200 OK"
2026-03-11 00:11:41,041 [INFO] HTTP Request: POST https://api.deepseek.com/chat/completions "HTTP/1.1 200 OK"
2026-03-11 00:11:42,475 [INFO] HTTP Request: POST https://api.deepseek.com/chat/completions "HTTP/1.1 200 OK"
2026-03-11 00:11:43,995 [INFO] HTTP Request: POST https://api.deepseek.com/chat/completions "HTTP/1.1 200 OK"
2026-03-11 00:11:45,622 [INFO] HTTP Request: POST https://api.deepseek.com/chat/completions "HTTP/1.1 200 OK"
2026-03-11 00:11:47,017 [INFO] HTTP Request: POST https://api.deepseek.com/chat/completions "HTTP/1.1 200 OK"
2026-03-11 00:11:52,206 [INFO] HTTP Request: POST https://api.deepseek.com/chat/completions "HTTP/1.1 200 OK"
2026-03-11 00:11:53,787 [INFO] HTTP Request: POST https://api.deepseek.com/chat/completions "HTTP/1.1 200 OK"
2026-03-11 00:11:54,932 [INFO] HTTP Request: POST https://api.deepseek.com/chat/completions "HTTP/1.1 200 OK"
2026-03-11 00:11:57,123 [INFO] HTTP Request: POST https://api.deepseek.com/chat/completions "HTTP/1.1 200 OK"
2026-03-11 00:11:58,615 [INFO] HTTP Request: POST https://api.deepseek.com/chat/completions "HTTP/1.1 200 OK"
2026-03-11 00:12:00,121 [INFO] HTTP Request: POST https://api.deepseek.com/chat/completions "HTTP/1.1 200 OK"
2026-03-11 00:12:01,694 [INFO] HTTP Request: POST https://api.deepseek.com/chat/completions "HTTP/1.1 200 OK"
2026-03-11 00:12:03,643 [INFO] HTTP Request: POST https://api.deepseek.com/chat/completions "HTTP/1.1 200 OK"
2026-03-11 00:12:04,934 [INFO] HTTP Request: POST https://api.deepseek.com/chat/completions "HTTP/1.1 200 OK"
2026-03-11 00:12:06,441 [INFO] HTTP Request: POST https://api.deepseek.com/chat/completions "HTTP/1.1 200 OK"
2026-03-11 00:12:07,750 [INFO] HTTP Request: POST https://api.deepseek.com/chat/completions "HTTP/1.1 200 OK"
2026-03-11 00:12:09,000 [INFO] HTTP Request: POST https://api.deepseek.com/chat/completions "HTTP/1.1 200 OK"
2026-03-11 00:12:10,423 [INFO] HTTP Request: POST https://api.deepseek.com/chat/completions "HTTP/1.1 200 OK"
2026-03-11 00:12:11,867 [INFO] HTTP Request: POST https://api.deepseek.com/chat/completions "HTTP/1.1 200 OK"
2026-03-11 00:12:13,248 [INFO] HTTP Request: POST https://api.deepseek.com/chat/completions "HTTP/1.1 200 OK"
2026-03-11 00:12:14,593 [INFO] HTTP Request: POST https://api.deepseek.com/chat/completions "HTTP/1.1 200 OK"
2026-03-11 00:12:15,999 [INFO] HTTP Request: POST https://api.deepseek.com/chat/completions "HTTP/1.1 200 OK"
2026-03-11 00:12:17,488 [INFO] HTTP Request: POST https://api.deepseek.com/chat/completions "HTTP/1.1 200 OK"
2026-03-11 00:12:19,095 [INFO] HTTP Request: POST https://api.deepseek.com/chat/completions "HTTP/1.1 200 OK"
2026-03-11 00:12:20,421 [INFO] HTTP Request: POST https://api.deepseek.com/chat/completions "HTTP/1.1 200 OK"
2026-03-11 00:12:21,652 [INFO] HTTP Request: POST https://api.deepseek.com/chat/completions "HTTP/1.1 200 OK"
2026-03-11 00:12:23,182 [INFO] HTTP Request: POST https://api.deepseek.com/chat/completions "HTTP/1.1 200 OK"
2026-03-11 00:12:28,188 [INFO] HTTP Request: POST https://api.deepseek.com/chat/completions "HTTP/1.1 200 OK"
2026-03-11 00:12:29,629 [INFO] HTTP Request: POST https://api.deepseek.com/chat/completions "HTTP/1.1 200 OK"
2026-03-11 00:12:31,061 [INFO] HTTP Request: POST https://api.deepseek.com/chat/completions "HTTP/1.1 200 OK"
2026-03-11 00:12:32,523 [INFO] HTTP Request: POST https://api.deepseek.com/chat/completions "HTTP/1.1 200 OK"
2026-03-11 00:12:34,176 [INFO] HTTP Request: POST https://api.deepseek.com/chat/completions "HTTP/1.1 200 OK"
2026-03-11 00:12:35,628 [INFO] HTTP Request: POST https://api.deepseek.com/chat/completions "HTTP/1.1 200 OK"
2026-03-11 00:12:37,075 [INFO] HTTP Request: POST https://api.deepseek.com/chat/completions "HTTP/1.1 200 OK"
2026-03-11 00:12:38,616 [INFO] HTTP Request: POST https://api.deepseek.com/chat/completions "HTTP/1.1 200 OK"
2026-03-11 00:12:40,121 [INFO] HTTP Request: POST https://api.deepseek.com/chat/completions "HTTP/1.1 200 OK"
2026-03-11 00:12:41,960 [INFO] HTTP Request: POST https://api.deepseek.com/chat/completions "HTTP/1.1 200 OK"
2026-03-11 00:12:43,591 [INFO] HTTP Request: POST https://api.deepseek.com/chat/completions "HTTP/1.1 200 OK"
2026-03-11 00:12:45,021 [INFO] HTTP Request: POST https://api.deepseek.com/chat/completions "HTTP/1.1 200 OK"
2026-03-11 00:12:46,632 [INFO] HTTP Request: POST https://api.deepseek.com/chat/completions "HTTP/1.1 200 OK"
2026-03-11 00:12:47,987 [INFO] HTTP Request: POST https://api.deepseek.com/chat/completions "HTTP/1.1 200 OK"
2026-03-11 00:12:49,497 [INFO] HTTP Request: POST https://api.deepseek.com/chat/completions "HTTP/1.1 200 OK"
2026-03-11 00:12:50,885 [INFO] HTTP Request: POST https://api.deepseek.com/chat/completions "HTTP/1.1 200 OK"
2026-03-11 00:12:52,537 [INFO] HTTP Request: POST https://api.deepseek.com/chat/completions "HTTP/1.1 200 OK"
2026-03-11 00:12:53,980 [INFO] HTTP Request: POST https://api.deepseek.com/chat/completions "HTTP/1.1 200 OK"
2026-03-11 00:12:55,481 [INFO] HTTP Request: POST https://api.deepseek.com/chat/completions "HTTP/1.1 200 OK"
2026-03-11 00:12:56,831 [INFO] HTTP Request: POST https://api.deepseek.com/chat/completions "HTTP/1.1 200 OK"
2026-03-11 00:12:58,435 [INFO] HTTP Request: POST https://api.deepseek.com/chat/completions "HTTP/1.1 200 OK"
2026-03-11 00:13:03,407 [INFO] HTTP Request: POST https://api.deepseek.com/chat/completions "HTTP/1.1 200 OK"
2026-03-11 00:13:05,173 [INFO] HTTP Request: POST https://api.deepseek.com/chat/completions "HTTP/1.1 200 OK"
2026-03-11 00:13:06,634 [INFO] HTTP Request: POST https://api.deepseek.com/chat/completions "HTTP/1.1 200 OK"
2026-03-11 00:13:07,569 [INFO]     game 10/10  first=direct    →  baseline wins  moves=7  96.1s
2026-03-11 00:13:07,570 [INFO]   RESULT iters=50  baseline=7W  direct=3W  draws=0  total=1805.7s
2026-03-11 00:13:07,570 [INFO]   Cache  direct=104H/1094M  move=0H/0M
2026-03-11 00:13:07,570 [INFO]   ── iters=200 ──
2026-03-11 00:13:07,882 [INFO] HTTP Request: POST https://api.deepseek.com/chat/completions "HTTP/1.1 200 OK"
2026-03-11 00:13:08,958 [INFO] HTTP Request: POST https://api.deepseek.com/chat/completions "HTTP/1.1 200 OK"
2026-03-11 00:13:10,281 [INFO] HTTP Request: POST https://api.deepseek.com/chat/completions "HTTP/1.1 200 OK"
2026-03-11 00:13:11,371 [INFO] HTTP Request: POST https://api.deepseek.com/chat/completions "HTTP/1.1 200 OK"
2026-03-11 00:13:12,681 [INFO] HTTP Request: POST https://api.deepseek.com/chat/completions "HTTP/1.1 200 OK"
2026-03-11 00:13:14,278 [INFO] HTTP Request: POST https://api.deepseek.com/chat/completions "HTTP/1.1 200 OK"
2026-03-11 00:13:15,619 [INFO] HTTP Request: POST https://api.deepseek.com/chat/completions "HTTP/1.1 200 OK"
2026-03-11 00:13:17,177 [INFO] HTTP Request: POST https://api.deepseek.com/chat/completions "HTTP/1.1 200 OK"
2026-03-11 00:13:18,428 [INFO] HTTP Request: POST https://api.deepseek.com/chat/completions "HTTP/1.1 200 OK"
2026-03-11 00:13:20,036 [INFO] HTTP Request: POST https://api.deepseek.com/chat/completions "HTTP/1.1 200 OK"
2026-03-11 00:13:21,606 [INFO] HTTP Request: POST https://api.deepseek.com/chat/completions "HTTP/1.1 200 OK"
2026-03-11 00:13:22,818 [INFO] HTTP Request: POST https://api.deepseek.com/chat/completions "HTTP/1.1 200 OK"
2026-03-11 00:13:24,290 [INFO] HTTP Request: POST https://api.deepseek.com/chat/completions "HTTP/1.1 200 OK"
2026-03-11 00:13:25,751 [INFO] HTTP Request: POST https://api.deepseek.com/chat/completions "HTTP/1.1 200 OK"
2026-03-11 00:13:26,897 [INFO] HTTP Request: POST https://api.deepseek.com/chat/completions "HTTP/1.1 200 OK"
2026-03-11 00:13:28,365 [INFO] HTTP Request: POST https://api.deepseek.com/chat/completions "HTTP/1.1 200 OK"
2026-03-11 00:13:29,719 [INFO] HTTP Request: POST https://api.deepseek.com/chat/completions "HTTP/1.1 200 OK"
2026-03-11 00:13:30,834 [INFO] HTTP Request: POST https://api.deepseek.com/chat/completions "HTTP/1.1 200 OK"
2026-03-11 00:13:32,134 [INFO] HTTP Request: POST https://api.deepseek.com/chat/completions "HTTP/1.1 200 OK"
2026-03-11 00:13:33,230 [INFO] HTTP Request: POST https://api.deepseek.com/chat/completions "HTTP/1.1 200 OK"
2026-03-11 00:13:34,420 [INFO] HTTP Request: POST https://api.deepseek.com/chat/completions "HTTP/1.1 200 OK"
2026-03-11 00:13:39,245 [INFO] HTTP Request: POST https://api.deepseek.com/chat/completions "HTTP/1.1 200 OK"
2026-03-11 00:13:40,403 [INFO] HTTP Request: POST https://api.deepseek.com/chat/completions "HTTP/1.1 200 OK"
2026-03-11 00:13:41,531 [INFO] HTTP Request: POST https://api.deepseek.com/chat/completions "HTTP/1.1 200 OK"
2026-03-11 00:13:42,909 [INFO] HTTP Request: POST https://api.deepseek.com/chat/completions "HTTP/1.1 200 OK"
2026-03-11 00:13:44,107 [INFO] HTTP Request: POST https://api.deepseek.com/chat/completions "HTTP/1.1 200 OK"
2026-03-11 00:13:45,421 [INFO] HTTP Request: POST https://api.deepseek.com/chat/completions "HTTP/1.1 200 OK"
2026-03-11 00:13:46,865 [INFO] HTTP Request: POST https://api.deepseek.com/chat/completions "HTTP/1.1 200 OK"
2026-03-11 00:13:48,120 [INFO] HTTP Request: POST https://api.deepseek.com/chat/completions "HTTP/1.1 200 OK"
2026-03-11 00:13:50,323 [INFO] HTTP Request: POST https://api.deepseek.com/chat/completions "HTTP/1.1 200 OK"
2026-03-11 00:13:51,745 [INFO] HTTP Request: POST https://api.deepseek.com/chat/completions "HTTP/1.1 200 OK"
2026-03-11 00:13:53,063 [INFO] HTTP Request: POST https://api.deepseek.com/chat/completions "HTTP/1.1 200 OK"
2026-03-11 00:13:54,233 [INFO] HTTP Request: POST https://api.deepseek.com/chat/completions "HTTP/1.1 200 OK"
2026-03-11 00:13:55,345 [INFO] HTTP Request: POST https://api.deepseek.com/chat/completions "HTTP/1.1 200 OK"
2026-03-11 00:13:56,672 [INFO] HTTP Request: POST https://api.deepseek.com/chat/completions "HTTP/1.1 200 OK"
2026-03-11 00:13:57,815 [INFO] HTTP Request: POST https://api.deepseek.com/chat/completions "HTTP/1.1 200 OK"
2026-03-11 00:13:58,807 [INFO] HTTP Request: POST https://api.deepseek.com/chat/completions "HTTP/1.1 200 OK"
2026-03-11 00:13:59,916 [INFO] HTTP Request: POST https://api.deepseek.com/chat/completions "HTTP/1.1 200 OK"
2026-03-11 00:14:01,170 [INFO] HTTP Request: POST https://api.deepseek.com/chat/completions "HTTP/1.1 200 OK"
2026-03-11 00:14:02,621 [INFO] HTTP Request: POST https://api.deepseek.com/chat/completions "HTTP/1.1 200 OK"
2026-03-11 00:14:03,612 [INFO] HTTP Request: POST https://api.deepseek.com/chat/completions "HTTP/1.1 200 OK"
2026-03-11 00:14:05,075 [INFO] HTTP Request: POST https://api.deepseek.com/chat/completions "HTTP/1.1 200 OK"
2026-03-11 00:14:06,349 [INFO] HTTP Request: POST https://api.deepseek.com/chat/completions "HTTP/1.1 200 OK"
2026-03-11 00:14:07,850 [INFO] HTTP Request: POST https://api.deepseek.com/chat/completions "HTTP/1.1 200 OK"
2026-03-11 00:14:09,469 [INFO] HTTP Request: POST https://api.deepseek.com/chat/completions "HTTP/1.1 200 OK"
2026-03-11 00:14:10,963 [INFO] HTTP Request: POST https://api.deepseek.com/chat/completions "HTTP/1.1 200 OK"
2026-03-11 00:14:15,930 [INFO] HTTP Request: POST https://api.deepseek.com/chat/completions "HTTP/1.1 200 OK"
2026-03-11 00:14:17,198 [INFO] HTTP Request: POST https://api.deepseek.com/chat/completions "HTTP/1.1 200 OK"
2026-03-11 00:14:18,359 [INFO] HTTP Request: POST https://api.deepseek.com/chat/completions "HTTP/1.1 200 OK"
2026-03-11 00:14:19,641 [INFO] HTTP Request: POST https://api.deepseek.com/chat/completions "HTTP/1.1 200 OK"
2026-03-11 00:14:20,900 [INFO] HTTP Request: POST https://api.deepseek.com/chat/completions "HTTP/1.1 200 OK"
2026-03-11 00:14:22,170 [INFO] HTTP Request: POST https://api.deepseek.com/chat/completions "HTTP/1.1 200 OK"
2026-03-11 00:14:23,761 [INFO] HTTP Request: POST https://api.deepseek.com/chat/completions "HTTP/1.1 200 OK"
2026-03-11 00:14:27,879 [INFO] HTTP Request: POST https://api.deepseek.com/chat/completions "HTTP/1.1 200 OK"
2026-03-11 00:14:29,219 [INFO] HTTP Request: POST https://api.deepseek.com/chat/completions "HTTP/1.1 200 OK"
2026-03-11 00:14:30,903 [INFO] HTTP Request: POST https://api.deepseek.com/chat/completions "HTTP/1.1 200 OK"
2026-03-11 00:14:32,128 [INFO] HTTP Request: POST https://api.deepseek.com/chat/completions "HTTP/1.1 200 OK"
2026-03-11 00:14:33,447 [INFO] HTTP Request: POST https://api.deepseek.com/chat/completions "HTTP/1.1 200 OK"
2026-03-11 00:14:35,231 [INFO] HTTP Request: POST https://api.deepseek.com/chat/completions "HTTP/1.1 200 OK"
2026-03-11 00:14:36,296 [INFO] HTTP Request: POST https://api.deepseek.com/chat/completions "HTTP/1.1 200 OK"
2026-03-11 00:14:37,338 [INFO] HTTP Request: POST https://api.deepseek.com/chat/completions "HTTP/1.1 200 OK"
2026-03-11 00:14:38,478 [INFO] HTTP Request: POST https://api.deepseek.com/chat/completions "HTTP/1.1 200 OK"
2026-03-11 00:14:39,794 [INFO] HTTP Request: POST https://api.deepseek.com/chat/completions "HTTP/1.1 200 OK"
2026-03-11 00:14:41,251 [INFO] HTTP Request: POST https://api.deepseek.com/chat/completions "HTTP/1.1 200 OK"
2026-03-11 00:14:42,633 [INFO] HTTP Request: POST https://api.deepseek.com/chat/completions "HTTP/1.1 200 OK"
2026-03-11 00:14:43,756 [INFO] HTTP Request: POST https://api.deepseek.com/chat/completions "HTTP/1.1 200 OK"
2026-03-11 00:14:45,254 [INFO] HTTP Request: POST https://api.deepseek.com/chat/completions "HTTP/1.1 200 OK"
2026-03-11 00:14:46,781 [INFO] HTTP Request: POST https://api.deepseek.com/chat/completions "HTTP/1.1 200 OK"
2026-03-11 00:14:51,530 [INFO] HTTP Request: POST https://api.deepseek.com/chat/completions "HTTP/1.1 200 OK"
2026-03-11 00:14:52,966 [INFO] HTTP Request: POST https://api.deepseek.com/chat/completions "HTTP/1.1 200 OK"
2026-03-11 00:14:54,015 [INFO] HTTP Request: POST https://api.deepseek.com/chat/completions "HTTP/1.1 200 OK"
2026-03-11 00:14:55,375 [INFO] HTTP Request: POST https://api.deepseek.com/chat/completions "HTTP/1.1 200 OK"
2026-03-11 00:14:56,758 [INFO] HTTP Request: POST https://api.deepseek.com/chat/completions "HTTP/1.1 200 OK"
2026-03-11 00:14:58,065 [INFO] HTTP Request: POST https://api.deepseek.com/chat/completions "HTTP/1.1 200 OK"
2026-03-11 00:14:59,588 [INFO] HTTP Request: POST https://api.deepseek.com/chat/completions "HTTP/1.1 200 OK"
2026-03-11 00:15:00,735 [INFO] HTTP Request: POST https://api.deepseek.com/chat/completions "HTTP/1.1 200 OK"
2026-03-11 00:15:02,071 [INFO] HTTP Request: POST https://api.deepseek.com/chat/completions "HTTP/1.1 200 OK"
2026-03-11 00:15:03,478 [INFO] HTTP Request: POST https://api.deepseek.com/chat/completions "HTTP/1.1 200 OK"
2026-03-11 00:15:04,898 [INFO] HTTP Request: POST https://api.deepseek.com/chat/completions "HTTP/1.1 200 OK"
2026-03-11 00:15:06,526 [INFO] HTTP Request: POST https://api.deepseek.com/chat/completions "HTTP/1.1 200 OK"
2026-03-11 00:15:07,876 [INFO] HTTP Request: POST https://api.deepseek.com/chat/completions "HTTP/1.1 200 OK"
2026-03-11 00:15:09,113 [INFO] HTTP Request: POST https://api.deepseek.com/chat/completions "HTTP/1.1 200 OK"
2026-03-11 00:15:10,648 [INFO] HTTP Request: POST https://api.deepseek.com/chat/completions "HTTP/1.1 200 OK"
2026-03-11 00:15:11,987 [INFO] HTTP Request: POST https://api.deepseek.com/chat/completions "HTTP/1.1 200 OK"
2026-03-11 00:15:13,361 [INFO] HTTP Request: POST https://api.deepseek.com/chat/completions "HTTP/1.1 200 OK"
2026-03-11 00:15:14,919 [INFO] HTTP Request: POST https://api.deepseek.com/chat/completions "HTTP/1.1 200 OK"
2026-03-11 00:15:16,263 [INFO] HTTP Request: POST https://api.deepseek.com/chat/completions "HTTP/1.1 200 OK"
2026-03-11 00:15:17,488 [INFO] HTTP Request: POST https://api.deepseek.com/chat/completions "HTTP/1.1 200 OK"
2026-03-11 00:15:18,891 [INFO] HTTP Request: POST https://api.deepseek.com/chat/completions "HTTP/1.1 200 OK"
2026-03-11 00:15:20,292 [INFO] HTTP Request: POST https://api.deepseek.com/chat/completions "HTTP/1.1 200 OK"
2026-03-11 00:15:21,790 [INFO] HTTP Request: POST https://api.deepseek.com/chat/completions "HTTP/1.1 200 OK"
2026-03-11 00:15:26,954 [INFO] HTTP Request: POST https://api.deepseek.com/chat/completions "HTTP/1.1 200 OK"
2026-03-11 00:15:28,316 [INFO] HTTP Request: POST https://api.deepseek.com/chat/completions "HTTP/1.1 200 OK"
2026-03-11 00:15:29,728 [INFO] HTTP Request: POST https://api.deepseek.com/chat/completions "HTTP/1.1 200 OK"
2026-03-11 00:15:31,226 [INFO] HTTP Request: POST https://api.deepseek.com/chat/completions "HTTP/1.1 200 OK"
2026-03-11 00:15:32,364 [INFO] HTTP Request: POST https://api.deepseek.com/chat/completions "HTTP/1.1 200 OK"
2026-03-11 00:15:33,851 [INFO] HTTP Request: POST https://api.deepseek.com/chat/completions "HTTP/1.1 200 OK"
2026-03-11 00:15:35,005 [INFO] HTTP Request: POST https://api.deepseek.com/chat/completions "HTTP/1.1 200 OK"
2026-03-11 00:15:36,430 [INFO] HTTP Request: POST https://api.deepseek.com/chat/completions "HTTP/1.1 200 OK"
2026-03-11 00:15:38,201 [INFO] HTTP Request: POST https://api.deepseek.com/chat/completions "HTTP/1.1 200 OK"
2026-03-11 00:15:39,679 [INFO] HTTP Request: POST https://api.deepseek.com/chat/completions "HTTP/1.1 200 OK"
2026-03-11 00:15:41,204 [INFO] HTTP Request: POST https://api.deepseek.com/chat/completions "HTTP/1.1 200 OK"
2026-03-11 00:15:42,873 [INFO] HTTP Request: POST https://api.deepseek.com/chat/completions "HTTP/1.1 200 OK"
2026-03-11 00:15:44,544 [INFO] HTTP Request: POST https://api.deepseek.com/chat/completions "HTTP/1.1 200 OK"
2026-03-11 00:15:46,199 [INFO] HTTP Request: POST https://api.deepseek.com/chat/completions "HTTP/1.1 200 OK"
2026-03-11 00:15:47,649 [INFO] HTTP Request: POST https://api.deepseek.com/chat/completions "HTTP/1.1 200 OK"
2026-03-11 00:15:49,301 [INFO] HTTP Request: POST https://api.deepseek.com/chat/completions "HTTP/1.1 200 OK"
2026-03-11 00:15:50,638 [INFO] HTTP Request: POST https://api.deepseek.com/chat/completions "HTTP/1.1 200 OK"
2026-03-11 00:15:51,807 [INFO] HTTP Request: POST https://api.deepseek.com/chat/completions "HTTP/1.1 200 OK"
2026-03-11 00:15:53,141 [INFO] HTTP Request: POST https://api.deepseek.com/chat/completions "HTTP/1.1 200 OK"
2026-03-11 00:15:54,535 [INFO] HTTP Request: POST https://api.deepseek.com/chat/completions "HTTP/1.1 200 OK"
2026-03-11 00:15:56,044 [INFO] HTTP Request: POST https://api.deepseek.com/chat/completions "HTTP/1.1 200 OK"
2026-03-11 00:15:57,334 [INFO] HTTP Request: POST https://api.deepseek.com/chat/completions "HTTP/1.1 200 OK"
2026-03-11 00:16:02,433 [INFO] HTTP Request: POST https://api.deepseek.com/chat/completions "HTTP/1.1 200 OK"
2026-03-11 00:16:03,699 [INFO] HTTP Request: POST https://api.deepseek.com/chat/completions "HTTP/1.1 200 OK"
2026-03-11 00:16:05,330 [INFO] HTTP Request: POST https://api.deepseek.com/chat/completions "HTTP/1.1 200 OK"
2026-03-11 00:16:06,726 [INFO] HTTP Request: POST https://api.deepseek.com/chat/completions "HTTP/1.1 200 OK"
2026-03-11 00:16:08,202 [INFO] HTTP Request: POST https://api.deepseek.com/chat/completions "HTTP/1.1 200 OK"
2026-03-11 00:16:09,694 [INFO] HTTP Request: POST https://api.deepseek.com/chat/completions "HTTP/1.1 200 OK"
2026-03-11 00:16:11,127 [INFO] HTTP Request: POST https://api.deepseek.com/chat/completions "HTTP/1.1 200 OK"
2026-03-11 00:16:12,498 [INFO] HTTP Request: POST https://api.deepseek.com/chat/completions "HTTP/1.1 200 OK"
2026-03-11 00:16:14,050 [INFO] HTTP Request: POST https://api.deepseek.com/chat/completions "HTTP/1.1 200 OK"
2026-03-11 00:16:15,763 [INFO] HTTP Request: POST https://api.deepseek.com/chat/completions "HTTP/1.1 200 OK"
2026-03-11 00:16:17,332 [INFO] HTTP Request: POST https://api.deepseek.com/chat/completions "HTTP/1.1 200 OK"
2026-03-11 00:16:18,658 [INFO] HTTP Request: POST https://api.deepseek.com/chat/completions "HTTP/1.1 200 OK"
2026-03-11 00:16:19,783 [INFO] HTTP Request: POST https://api.deepseek.com/chat/completions "HTTP/1.1 200 OK"
2026-03-11 00:16:21,364 [INFO] HTTP Request: POST https://api.deepseek.com/chat/completions "HTTP/1.1 200 OK"
2026-03-11 00:16:22,992 [INFO] HTTP Request: POST https://api.deepseek.com/chat/completions "HTTP/1.1 200 OK"
2026-03-11 00:16:24,596 [INFO] HTTP Request: POST https://api.deepseek.com/chat/completions "HTTP/1.1 200 OK"
2026-03-11 00:16:26,219 [INFO] HTTP Request: POST https://api.deepseek.com/chat/completions "HTTP/1.1 200 OK"
2026-03-11 00:16:27,638 [INFO] HTTP Request: POST https://api.deepseek.com/chat/completions "HTTP/1.1 200 OK"
2026-03-11 00:16:28,907 [INFO] HTTP Request: POST https://api.deepseek.com/chat/completions "HTTP/1.1 200 OK"
2026-03-11 00:16:30,313 [INFO] HTTP Request: POST https://api.deepseek.com/chat/completions "HTTP/1.1 200 OK"
2026-03-11 00:16:33,379 [INFO] HTTP Request: POST https://api.deepseek.com/chat/completions "HTTP/1.1 200 OK"
2026-03-11 00:16:38,311 [INFO] HTTP Request: POST https://api.deepseek.com/chat/completions "HTTP/1.1 200 OK"
2026-03-11 00:16:39,743 [INFO] HTTP Request: POST https://api.deepseek.com/chat/completions "HTTP/1.1 200 OK"
2026-03-11 00:16:40,954 [INFO] HTTP Request: POST https://api.deepseek.com/chat/completions "HTTP/1.1 200 OK"
2026-03-11 00:16:42,202 [INFO] HTTP Request: POST https://api.deepseek.com/chat/completions "HTTP/1.1 200 OK"
2026-03-11 00:16:43,427 [INFO] HTTP Request: POST https://api.deepseek.com/chat/completions "HTTP/1.1 200 OK"
2026-03-11 00:16:44,670 [INFO] HTTP Request: POST https://api.deepseek.com/chat/completions "HTTP/1.1 200 OK"
2026-03-11 00:16:46,009 [INFO] HTTP Request: POST https://api.deepseek.com/chat/completions "HTTP/1.1 200 OK"
2026-03-11 00:16:47,381 [INFO] HTTP Request: POST https://api.deepseek.com/chat/completions "HTTP/1.1 200 OK"
2026-03-11 00:16:48,742 [INFO] HTTP Request: POST https://api.deepseek.com/chat/completions "HTTP/1.1 200 OK"
2026-03-11 00:16:49,900 [INFO] HTTP Request: POST https://api.deepseek.com/chat/completions "HTTP/1.1 200 OK"
2026-03-11 00:16:51,232 [INFO] HTTP Request: POST https://api.deepseek.com/chat/completions "HTTP/1.1 200 OK"
2026-03-11 00:16:52,663 [INFO] HTTP Request: POST https://api.deepseek.com/chat/completions "HTTP/1.1 200 OK"
2026-03-11 00:16:53,885 [INFO] HTTP Request: POST https://api.deepseek.com/chat/completions "HTTP/1.1 200 OK"
2026-03-11 00:16:55,419 [INFO] HTTP Request: POST https://api.deepseek.com/chat/completions "HTTP/1.1 200 OK"
2026-03-11 00:16:56,960 [INFO] HTTP Request: POST https://api.deepseek.com/chat/completions "HTTP/1.1 200 OK"
2026-03-11 00:16:58,496 [INFO] HTTP Request: POST https://api.deepseek.com/chat/completions "HTTP/1.1 200 OK"
2026-03-11 00:16:59,912 [INFO] HTTP Request: POST https://api.deepseek.com/chat/completions "HTTP/1.1 200 OK"
2026-03-11 00:17:01,124 [INFO] HTTP Request: POST https://api.deepseek.com/chat/completions "HTTP/1.1 200 OK"
2026-03-11 00:17:02,567 [INFO] HTTP Request: POST https://api.deepseek.com/chat/completions "HTTP/1.1 200 OK"
2026-03-11 00:17:03,945 [INFO] HTTP Request: POST https://api.deepseek.com/chat/completions "HTTP/1.1 200 OK"
2026-03-11 00:17:05,300 [INFO] HTTP Request: POST https://api.deepseek.com/chat/completions "HTTP/1.1 200 OK"
2026-03-11 00:17:06,681 [INFO] HTTP Request: POST https://api.deepseek.com/chat/completions "HTTP/1.1 200 OK"
2026-03-11 00:17:07,949 [INFO] HTTP Request: POST https://api.deepseek.com/chat/completions "HTTP/1.1 200 OK"
2026-03-11 00:17:09,515 [INFO] HTTP Request: POST https://api.deepseek.com/chat/completions "HTTP/1.1 200 OK"
2026-03-11 00:17:14,445 [INFO] HTTP Request: POST https://api.deepseek.com/chat/completions "HTTP/1.1 200 OK"
2026-03-11 00:17:15,734 [INFO] HTTP Request: POST https://api.deepseek.com/chat/completions "HTTP/1.1 200 OK"
2026-03-11 00:17:16,926 [INFO] HTTP Request: POST https://api.deepseek.com/chat/completions "HTTP/1.1 200 OK"
2026-03-11 00:17:18,201 [INFO] HTTP Request: POST https://api.deepseek.com/chat/completions "HTTP/1.1 200 OK"
2026-03-11 00:17:19,498 [INFO] HTTP Request: POST https://api.deepseek.com/chat/completions "HTTP/1.1 200 OK"
2026-03-11 00:17:20,958 [INFO] HTTP Request: POST https://api.deepseek.com/chat/completions "HTTP/1.1 200 OK"
2026-03-11 00:17:22,382 [INFO] HTTP Request: POST https://api.deepseek.com/chat/completions "HTTP/1.1 200 OK"
2026-03-11 00:17:23,902 [INFO] HTTP Request: POST https://api.deepseek.com/chat/completions "HTTP/1.1 200 OK"
2026-03-11 00:17:25,401 [INFO] HTTP Request: POST https://api.deepseek.com/chat/completions "HTTP/1.1 200 OK"
2026-03-11 00:17:26,762 [INFO] HTTP Request: POST https://api.deepseek.com/chat/completions "HTTP/1.1 200 OK"
2026-03-11 00:17:28,140 [INFO] HTTP Request: POST https://api.deepseek.com/chat/completions "HTTP/1.1 200 OK"
2026-03-11 00:17:29,308 [INFO] HTTP Request: POST https://api.deepseek.com/chat/completions "HTTP/1.1 200 OK"
2026-03-11 00:17:30,709 [INFO] HTTP Request: POST https://api.deepseek.com/chat/completions "HTTP/1.1 200 OK"
2026-03-11 00:17:31,920 [INFO] HTTP Request: POST https://api.deepseek.com/chat/completions "HTTP/1.1 200 OK"
2026-03-11 00:17:33,035 [INFO] HTTP Request: POST https://api.deepseek.com/chat/completions "HTTP/1.1 200 OK"
2026-03-11 00:17:34,154 [INFO] HTTP Request: POST https://api.deepseek.com/chat/completions "HTTP/1.1 200 OK"
2026-03-11 00:17:35,350 [INFO] HTTP Request: POST https://api.deepseek.com/chat/completions "HTTP/1.1 200 OK"
2026-03-11 00:17:36,584 [INFO] HTTP Request: POST https://api.deepseek.com/chat/completions "HTTP/1.1 200 OK"
2026-03-11 00:17:37,557 [INFO] HTTP Request: POST https://api.deepseek.com/chat/completions "HTTP/1.1 200 OK"
2026-03-11 00:17:38,851 [INFO] HTTP Request: POST https://api.deepseek.com/chat/completions "HTTP/1.1 200 OK"
2026-03-11 00:17:40,175 [INFO] HTTP Request: POST https://api.deepseek.com/chat/completions "HTTP/1.1 200 OK"
2026-03-11 00:17:41,445 [INFO] HTTP Request: POST https://api.deepseek.com/chat/completions "HTTP/1.1 200 OK"
2026-03-11 00:17:42,649 [INFO] HTTP Request: POST https://api.deepseek.com/chat/completions "HTTP/1.1 200 OK"
2026-03-11 00:17:43,910 [INFO] HTTP Request: POST https://api.deepseek.com/chat/completions "HTTP/1.1 200 OK"
2026-03-11 00:17:45,359 [INFO] HTTP Request: POST https://api.deepseek.com/chat/completions "HTTP/1.1 200 OK"
2026-03-11 00:17:50,083 [INFO] HTTP Request: POST https://api.deepseek.com/chat/completions "HTTP/1.1 200 OK"
2026-03-11 00:17:51,305 [INFO] HTTP Request: POST https://api.deepseek.com/chat/completions "HTTP/1.1 200 OK"
2026-03-11 00:17:52,664 [INFO] HTTP Request: POST https://api.deepseek.com/chat/completions "HTTP/1.1 200 OK"
2026-03-11 00:17:54,094 [INFO] HTTP Request: POST https://api.deepseek.com/chat/completions "HTTP/1.1 200 OK"
2026-03-11 00:17:55,252 [INFO] HTTP Request: POST https://api.deepseek.com/chat/completions "HTTP/1.1 200 OK"
2026-03-11 00:17:56,694 [INFO] HTTP Request: POST https://api.deepseek.com/chat/completions "HTTP/1.1 200 OK"
2026-03-11 00:17:57,654 [INFO] HTTP Request: POST https://api.deepseek.com/chat/completions "HTTP/1.1 200 OK"
2026-03-11 00:17:58,621 [INFO] HTTP Request: POST https://api.deepseek.com/chat/completions "HTTP/1.1 200 OK"
2026-03-11 00:17:59,723 [INFO] HTTP Request: POST https://api.deepseek.com/chat/completions "HTTP/1.1 200 OK"
2026-03-11 00:18:00,726 [INFO] HTTP Request: POST https://api.deepseek.com/chat/completions "HTTP/1.1 200 OK"
2026-03-11 00:18:01,870 [INFO] HTTP Request: POST https://api.deepseek.com/chat/completions "HTTP/1.1 200 OK"
2026-03-11 00:18:02,946 [INFO] HTTP Request: POST https://api.deepseek.com/chat/completions "HTTP/1.1 200 OK"
2026-03-11 00:18:04,416 [INFO] HTTP Request: POST https://api.deepseek.com/chat/completions "HTTP/1.1 200 OK"
2026-03-11 00:18:05,801 [INFO] HTTP Request: POST https://api.deepseek.com/chat/completions "HTTP/1.1 200 OK"
2026-03-11 00:18:06,954 [INFO] HTTP Request: POST https://api.deepseek.com/chat/completions "HTTP/1.1 200 OK"
2026-03-11 00:18:07,991 [INFO] HTTP Request: POST https://api.deepseek.com/chat/completions "HTTP/1.1 200 OK"
2026-03-11 00:18:09,038 [INFO] HTTP Request: POST https://api.deepseek.com/chat/completions "HTTP/1.1 200 OK"
2026-03-11 00:18:10,287 [INFO] HTTP Request: POST https://api.deepseek.com/chat/completions "HTTP/1.1 200 OK"
2026-03-11 00:18:11,436 [INFO] HTTP Request: POST https://api.deepseek.com/chat/completions "HTTP/1.1 200 OK"
2026-03-11 00:18:12,730 [INFO] HTTP Request: POST https://api.deepseek.com/chat/completions "HTTP/1.1 200 OK"
2026-03-11 00:18:13,903 [INFO] HTTP Request: POST https://api.deepseek.com/chat/completions "HTTP/1.1 200 OK"
2026-03-11 00:18:16,511 [INFO] HTTP Request: POST https://api.deepseek.com/chat/completions "HTTP/1.1 200 OK"
2026-03-11 00:18:18,268 [INFO] HTTP Request: POST https://api.deepseek.com/chat/completions "HTTP/1.1 200 OK"
2026-03-11 00:18:19,439 [INFO] HTTP Request: POST https://api.deepseek.com/chat/completions "HTTP/1.1 200 OK"
2026-03-11 00:18:20,507 [INFO] HTTP Request: POST https://api.deepseek.com/chat/completions "HTTP/1.1 200 OK"
2026-03-11 00:18:21,657 [INFO] HTTP Request: POST https://api.deepseek.com/chat/completions "HTTP/1.1 200 OK"
2026-03-11 00:18:26,207 [INFO] HTTP Request: POST https://api.deepseek.com/chat/completions "HTTP/1.1 200 OK"
2026-03-11 00:18:27,407 [INFO] HTTP Request: POST https://api.deepseek.com/chat/completions "HTTP/1.1 200 OK"
2026-03-11 00:18:28,459 [INFO] HTTP Request: POST https://api.deepseek.com/chat/completions "HTTP/1.1 200 OK"
2026-03-11 00:18:29,543 [INFO] HTTP Request: POST https://api.deepseek.com/chat/completions "HTTP/1.1 200 OK"
2026-03-11 00:18:31,196 [INFO] HTTP Request: POST https://api.deepseek.com/chat/completions "HTTP/1.1 200 OK"
2026-03-11 00:18:32,141 [INFO] HTTP Request: POST https://api.deepseek.com/chat/completions "HTTP/1.1 200 OK"
2026-03-11 00:18:33,244 [INFO] HTTP Request: POST https://api.deepseek.com/chat/completions "HTTP/1.1 200 OK"
2026-03-11 00:18:34,582 [INFO] HTTP Request: POST https://api.deepseek.com/chat/completions "HTTP/1.1 200 OK"
2026-03-11 00:18:35,846 [INFO] HTTP Request: POST https://api.deepseek.com/chat/completions "HTTP/1.1 200 OK"
2026-03-11 00:18:37,504 [INFO] HTTP Request: POST https://api.deepseek.com/chat/completions "HTTP/1.1 200 OK"
2026-03-11 00:18:38,914 [INFO] HTTP Request: POST https://api.deepseek.com/chat/completions "HTTP/1.1 200 OK"
2026-03-11 00:18:39,933 [INFO] HTTP Request: POST https://api.deepseek.com/chat/completions "HTTP/1.1 200 OK"
2026-03-11 00:18:40,935 [INFO] HTTP Request: POST https://api.deepseek.com/chat/completions "HTTP/1.1 200 OK"
2026-03-11 00:18:41,958 [INFO] HTTP Request: POST https://api.deepseek.com/chat/completions "HTTP/1.1 200 OK"
2026-03-11 00:18:43,151 [INFO] HTTP Request: POST https://api.deepseek.com/chat/completions "HTTP/1.1 200 OK"
2026-03-11 00:18:44,387 [INFO] HTTP Request: POST https://api.deepseek.com/chat/completions "HTTP/1.1 200 OK"
2026-03-11 00:18:45,762 [INFO] HTTP Request: POST https://api.deepseek.com/chat/completions "HTTP/1.1 200 OK"
2026-03-11 00:18:46,846 [INFO] HTTP Request: POST https://api.deepseek.com/chat/completions "HTTP/1.1 200 OK"
2026-03-11 00:18:47,959 [INFO] HTTP Request: POST https://api.deepseek.com/chat/completions "HTTP/1.1 200 OK"
2026-03-11 00:18:49,146 [INFO] HTTP Request: POST https://api.deepseek.com/chat/completions "HTTP/1.1 200 OK"
2026-03-11 00:18:50,190 [INFO] HTTP Request: POST https://api.deepseek.com/chat/completions "HTTP/1.1 200 OK"
2026-03-11 00:18:51,350 [INFO] HTTP Request: POST https://api.deepseek.com/chat/completions "HTTP/1.1 200 OK"
2026-03-11 00:18:52,367 [INFO] HTTP Request: POST https://api.deepseek.com/chat/completions "HTTP/1.1 200 OK"
2026-03-11 00:18:53,411 [INFO] HTTP Request: POST https://api.deepseek.com/chat/completions "HTTP/1.1 200 OK"
2026-03-11 00:18:54,797 [INFO] HTTP Request: POST https://api.deepseek.com/chat/completions "HTTP/1.1 200 OK"
2026-03-11 00:18:55,882 [INFO] HTTP Request: POST https://api.deepseek.com/chat/completions "HTTP/1.1 200 OK"
2026-03-11 00:18:56,911 [INFO] HTTP Request: POST https://api.deepseek.com/chat/completions "HTTP/1.1 200 OK"
2026-03-11 00:19:01,663 [INFO] HTTP Request: POST https://api.deepseek.com/chat/completions "HTTP/1.1 200 OK"
2026-03-11 00:19:02,715 [INFO] HTTP Request: POST https://api.deepseek.com/chat/completions "HTTP/1.1 200 OK"
2026-03-11 00:19:05,067 [INFO] HTTP Request: POST https://api.deepseek.com/chat/completions "HTTP/1.1 200 OK"
2026-03-11 00:19:06,260 [INFO] HTTP Request: POST https://api.deepseek.com/chat/completions "HTTP/1.1 200 OK"
2026-03-11 00:19:07,304 [INFO] HTTP Request: POST https://api.deepseek.com/chat/completions "HTTP/1.1 200 OK"
2026-03-11 00:19:08,779 [INFO] HTTP Request: POST https://api.deepseek.com/chat/completions "HTTP/1.1 200 OK"
2026-03-11 00:19:09,976 [INFO] HTTP Request: POST https://api.deepseek.com/chat/completions "HTTP/1.1 200 OK"
2026-03-11 00:19:11,408 [INFO] HTTP Request: POST https://api.deepseek.com/chat/completions "HTTP/1.1 200 OK"
2026-03-11 00:19:12,799 [INFO] HTTP Request: POST https://api.deepseek.com/chat/completions "HTTP/1.1 200 OK"
2026-03-11 00:19:14,292 [INFO] HTTP Request: POST https://api.deepseek.com/chat/completions "HTTP/1.1 200 OK"
2026-03-11 00:19:15,602 [INFO] HTTP Request: POST https://api.deepseek.com/chat/completions "HTTP/1.1 200 OK"
2026-03-11 00:19:16,912 [INFO] HTTP Request: POST https://api.deepseek.com/chat/completions "HTTP/1.1 200 OK"
2026-03-11 00:19:18,147 [INFO] HTTP Request: POST https://api.deepseek.com/chat/completions "HTTP/1.1 200 OK"
2026-03-11 00:19:19,336 [INFO] HTTP Request: POST https://api.deepseek.com/chat/completions "HTTP/1.1 200 OK"
2026-03-11 00:19:20,562 [INFO] HTTP Request: POST https://api.deepseek.com/chat/completions "HTTP/1.1 200 OK"
2026-03-11 00:19:22,108 [INFO] HTTP Request: POST https://api.deepseek.com/chat/completions "HTTP/1.1 200 OK"
2026-03-11 00:19:23,364 [INFO] HTTP Request: POST https://api.deepseek.com/chat/completions "HTTP/1.1 200 OK"
2026-03-11 00:19:24,544 [INFO] HTTP Request: POST https://api.deepseek.com/chat/completions "HTTP/1.1 200 OK"
2026-03-11 00:19:25,839 [INFO] HTTP Request: POST https://api.deepseek.com/chat/completions "HTTP/1.1 200 OK"
2026-03-11 00:19:27,086 [INFO] HTTP Request: POST https://api.deepseek.com/chat/completions "HTTP/1.1 200 OK"
2026-03-11 00:19:28,267 [INFO] HTTP Request: POST https://api.deepseek.com/chat/completions "HTTP/1.1 200 OK"
2026-03-11 00:19:29,728 [INFO] HTTP Request: POST https://api.deepseek.com/chat/completions "HTTP/1.1 200 OK"
2026-03-11 00:19:31,164 [INFO] HTTP Request: POST https://api.deepseek.com/chat/completions "HTTP/1.1 200 OK"
2026-03-11 00:19:32,518 [INFO] HTTP Request: POST https://api.deepseek.com/chat/completions "HTTP/1.1 200 OK"
2026-03-11 00:19:37,580 [INFO] HTTP Request: POST https://api.deepseek.com/chat/completions "HTTP/1.1 200 OK"
2026-03-11 00:19:38,820 [INFO] HTTP Request: POST https://api.deepseek.com/chat/completions "HTTP/1.1 200 OK"
2026-03-11 00:19:40,175 [INFO] HTTP Request: POST https://api.deepseek.com/chat/completions "HTTP/1.1 200 OK"
2026-03-11 00:19:41,572 [INFO] HTTP Request: POST https://api.deepseek.com/chat/completions "HTTP/1.1 200 OK"
2026-03-11 00:19:42,608 [INFO] HTTP Request: POST https://api.deepseek.com/chat/completions "HTTP/1.1 200 OK"
2026-03-11 00:19:43,933 [INFO] HTTP Request: POST https://api.deepseek.com/chat/completions "HTTP/1.1 200 OK"
2026-03-11 00:19:45,155 [INFO] HTTP Request: POST https://api.deepseek.com/chat/completions "HTTP/1.1 200 OK"
2026-03-11 00:19:46,522 [INFO] HTTP Request: POST https://api.deepseek.com/chat/completions "HTTP/1.1 200 OK"
2026-03-11 00:19:47,515 [INFO] HTTP Request: POST https://api.deepseek.com/chat/completions "HTTP/1.1 200 OK"
2026-03-11 00:19:48,983 [INFO] HTTP Request: POST https://api.deepseek.com/chat/completions "HTTP/1.1 200 OK"
2026-03-11 00:19:50,374 [INFO] HTTP Request: POST https://api.deepseek.com/chat/completions "HTTP/1.1 200 OK"
2026-03-11 00:19:51,451 [INFO] HTTP Request: POST https://api.deepseek.com/chat/completions "HTTP/1.1 200 OK"
2026-03-11 00:19:53,073 [INFO] HTTP Request: POST https://api.deepseek.com/chat/completions "HTTP/1.1 200 OK"
2026-03-11 00:19:54,142 [INFO] HTTP Request: POST https://api.deepseek.com/chat/completions "HTTP/1.1 200 OK"
2026-03-11 00:19:55,242 [INFO] HTTP Request: POST https://api.deepseek.com/chat/completions "HTTP/1.1 200 OK"
2026-03-11 00:19:56,419 [INFO] HTTP Request: POST https://api.deepseek.com/chat/completions "HTTP/1.1 200 OK"
2026-03-11 00:19:57,662 [INFO] HTTP Request: POST https://api.deepseek.com/chat/completions "HTTP/1.1 200 OK"
2026-03-11 00:19:58,676 [INFO] HTTP Request: POST https://api.deepseek.com/chat/completions "HTTP/1.1 200 OK"
2026-03-11 00:20:00,482 [INFO] HTTP Request: POST https://api.deepseek.com/chat/completions "HTTP/1.1 200 OK"
2026-03-11 00:20:01,892 [INFO] HTTP Request: POST https://api.deepseek.com/chat/completions "HTTP/1.1 200 OK"
2026-03-11 00:20:03,307 [INFO] HTTP Request: POST https://api.deepseek.com/chat/completions "HTTP/1.1 200 OK"
2026-03-11 00:20:05,855 [INFO] HTTP Request: POST https://api.deepseek.com/chat/completions "HTTP/1.1 200 OK"
2026-03-11 00:20:07,083 [INFO] HTTP Request: POST https://api.deepseek.com/chat/completions "HTTP/1.1 200 OK"
2026-03-11 00:20:08,475 [INFO] HTTP Request: POST https://api.deepseek.com/chat/completions "HTTP/1.1 200 OK"
2026-03-11 00:20:13,173 [INFO] HTTP Request: POST https://api.deepseek.com/chat/completions "HTTP/1.1 200 OK"
2026-03-11 00:20:14,573 [INFO] HTTP Request: POST https://api.deepseek.com/chat/completions "HTTP/1.1 200 OK"
2026-03-11 00:20:15,640 [INFO] HTTP Request: POST https://api.deepseek.com/chat/completions "HTTP/1.1 200 OK"
2026-03-11 00:20:17,278 [INFO] HTTP Request: POST https://api.deepseek.com/chat/completions "HTTP/1.1 200 OK"
2026-03-11 00:20:18,333 [INFO] HTTP Request: POST https://api.deepseek.com/chat/completions "HTTP/1.1 200 OK"
2026-03-11 00:20:19,858 [INFO] HTTP Request: POST https://api.deepseek.com/chat/completions "HTTP/1.1 200 OK"
2026-03-11 00:20:21,008 [INFO] HTTP Request: POST https://api.deepseek.com/chat/completions "HTTP/1.1 200 OK"
2026-03-11 00:20:22,221 [INFO] HTTP Request: POST https://api.deepseek.com/chat/completions "HTTP/1.1 200 OK"
2026-03-11 00:20:23,479 [INFO] HTTP Request: POST https://api.deepseek.com/chat/completions "HTTP/1.1 200 OK"
2026-03-11 00:20:24,787 [INFO] HTTP Request: POST https://api.deepseek.com/chat/completions "HTTP/1.1 200 OK"
2026-03-11 00:20:26,062 [INFO] HTTP Request: POST https://api.deepseek.com/chat/completions "HTTP/1.1 200 OK"
2026-03-11 00:20:27,630 [INFO] HTTP Request: POST https://api.deepseek.com/chat/completions "HTTP/1.1 200 OK"
2026-03-11 00:20:28,727 [INFO] HTTP Request: POST https://api.deepseek.com/chat/completions "HTTP/1.1 200 OK"
2026-03-11 00:20:30,058 [INFO] HTTP Request: POST https://api.deepseek.com/chat/completions "HTTP/1.1 200 OK"
2026-03-11 00:20:31,084 [INFO] HTTP Request: POST https://api.deepseek.com/chat/completions "HTTP/1.1 200 OK"
2026-03-11 00:20:32,740 [INFO] HTTP Request: POST https://api.deepseek.com/chat/completions "HTTP/1.1 200 OK"
2026-03-11 00:20:33,892 [INFO] HTTP Request: POST https://api.deepseek.com/chat/completions "HTTP/1.1 200 OK"
2026-03-11 00:20:35,314 [INFO] HTTP Request: POST https://api.deepseek.com/chat/completions "HTTP/1.1 200 OK"
2026-03-11 00:20:36,515 [INFO] HTTP Request: POST https://api.deepseek.com/chat/completions "HTTP/1.1 200 OK"
2026-03-11 00:20:37,741 [INFO] HTTP Request: POST https://api.deepseek.com/chat/completions "HTTP/1.1 200 OK"
2026-03-11 00:20:38,859 [INFO] HTTP Request: POST https://api.deepseek.com/chat/completions "HTTP/1.1 200 OK"
2026-03-11 00:20:40,066 [INFO] HTTP Request: POST https://api.deepseek.com/chat/completions "HTTP/1.1 200 OK"
2026-03-11 00:20:41,027 [INFO] HTTP Request: POST https://api.deepseek.com/chat/completions "HTTP/1.1 200 OK"
2026-03-11 00:20:42,347 [INFO] HTTP Request: POST https://api.deepseek.com/chat/completions "HTTP/1.1 200 OK"
2026-03-11 00:20:43,560 [INFO] HTTP Request: POST https://api.deepseek.com/chat/completions "HTTP/1.1 200 OK"
2026-03-11 00:20:44,691 [INFO] HTTP Request: POST https://api.deepseek.com/chat/completions "HTTP/1.1 200 OK"
2026-03-11 00:20:49,394 [INFO] HTTP Request: POST https://api.deepseek.com/chat/completions "HTTP/1.1 200 OK"
2026-03-11 00:20:50,591 [INFO] HTTP Request: POST https://api.deepseek.com/chat/completions "HTTP/1.1 200 OK"
2026-03-11 00:20:51,702 [INFO] HTTP Request: POST https://api.deepseek.com/chat/completions "HTTP/1.1 200 OK"
2026-03-11 00:20:53,248 [INFO] HTTP Request: POST https://api.deepseek.com/chat/completions "HTTP/1.1 200 OK"
2026-03-11 00:20:54,655 [INFO] HTTP Request: POST https://api.deepseek.com/chat/completions "HTTP/1.1 200 OK"
2026-03-11 00:20:56,090 [INFO] HTTP Request: POST https://api.deepseek.com/chat/completions "HTTP/1.1 200 OK"
2026-03-11 00:20:57,678 [INFO] HTTP Request: POST https://api.deepseek.com/chat/completions "HTTP/1.1 200 OK"
2026-03-11 00:20:58,772 [INFO] HTTP Request: POST https://api.deepseek.com/chat/completions "HTTP/1.1 200 OK"
2026-03-11 00:20:59,966 [INFO] HTTP Request: POST https://api.deepseek.com/chat/completions "HTTP/1.1 200 OK"
2026-03-11 00:21:01,243 [INFO] HTTP Request: POST https://api.deepseek.com/chat/completions "HTTP/1.1 200 OK"
2026-03-11 00:21:02,532 [INFO] HTTP Request: POST https://api.deepseek.com/chat/completions "HTTP/1.1 200 OK"
2026-03-11 00:21:03,861 [INFO] HTTP Request: POST https://api.deepseek.com/chat/completions "HTTP/1.1 200 OK"
2026-03-11 00:21:05,426 [INFO] HTTP Request: POST https://api.deepseek.com/chat/completions "HTTP/1.1 200 OK"
2026-03-11 00:21:06,613 [INFO] HTTP Request: POST https://api.deepseek.com/chat/completions "HTTP/1.1 200 OK"
2026-03-11 00:21:07,723 [INFO] HTTP Request: POST https://api.deepseek.com/chat/completions "HTTP/1.1 200 OK"
2026-03-11 00:21:08,864 [INFO] HTTP Request: POST https://api.deepseek.com/chat/completions "HTTP/1.1 200 OK"
2026-03-11 00:21:09,990 [INFO] HTTP Request: POST https://api.deepseek.com/chat/completions "HTTP/1.1 200 OK"
2026-03-11 00:21:11,463 [INFO] HTTP Request: POST https://api.deepseek.com/chat/completions "HTTP/1.1 200 OK"
2026-03-11 00:21:12,789 [INFO] HTTP Request: POST https://api.deepseek.com/chat/completions "HTTP/1.1 200 OK"
2026-03-11 00:21:13,979 [INFO] HTTP Request: POST https://api.deepseek.com/chat/completions "HTTP/1.1 200 OK"
2026-03-11 00:21:15,270 [INFO] HTTP Request: POST https://api.deepseek.com/chat/completions "HTTP/1.1 200 OK"
2026-03-11 00:21:16,602 [INFO] HTTP Request: POST https://api.deepseek.com/chat/completions "HTTP/1.1 200 OK"
2026-03-11 00:21:17,907 [INFO] HTTP Request: POST https://api.deepseek.com/chat/completions "HTTP/1.1 200 OK"
2026-03-11 00:21:18,918 [INFO] HTTP Request: POST https://api.deepseek.com/chat/completions "HTTP/1.1 200 OK"
2026-03-11 00:21:19,840 [INFO] HTTP Request: POST https://api.deepseek.com/chat/completions "HTTP/1.1 200 OK"
2026-03-11 00:21:21,021 [INFO] HTTP Request: POST https://api.deepseek.com/chat/completions "HTTP/1.1 200 OK"
2026-03-11 00:21:25,933 [INFO] HTTP Request: POST https://api.deepseek.com/chat/completions "HTTP/1.1 200 OK"
2026-03-11 00:21:27,022 [INFO] HTTP Request: POST https://api.deepseek.com/chat/completions "HTTP/1.1 200 OK"
2026-03-11 00:21:28,179 [INFO] HTTP Request: POST https://api.deepseek.com/chat/completions "HTTP/1.1 200 OK"
2026-03-11 00:21:29,672 [INFO] HTTP Request: POST https://api.deepseek.com/chat/completions "HTTP/1.1 200 OK"
2026-03-11 00:21:30,864 [INFO] HTTP Request: POST https://api.deepseek.com/chat/completions "HTTP/1.1 200 OK"
2026-03-11 00:21:32,012 [INFO] HTTP Request: POST https://api.deepseek.com/chat/completions "HTTP/1.1 200 OK"
2026-03-11 00:21:33,114 [INFO] HTTP Request: POST https://api.deepseek.com/chat/completions "HTTP/1.1 200 OK"
2026-03-11 00:21:34,459 [INFO] HTTP Request: POST https://api.deepseek.com/chat/completions "HTTP/1.1 200 OK"
2026-03-11 00:21:35,925 [INFO] HTTP Request: POST https://api.deepseek.com/chat/completions "HTTP/1.1 200 OK"
2026-03-11 00:21:37,314 [INFO] HTTP Request: POST https://api.deepseek.com/chat/completions "HTTP/1.1 200 OK"
2026-03-11 00:21:38,862 [INFO] HTTP Request: POST https://api.deepseek.com/chat/completions "HTTP/1.1 200 OK"
2026-03-11 00:21:40,228 [INFO] HTTP Request: POST https://api.deepseek.com/chat/completions "HTTP/1.1 200 OK"
2026-03-11 00:21:41,345 [INFO] HTTP Request: POST https://api.deepseek.com/chat/completions "HTTP/1.1 200 OK"
2026-03-11 00:21:43,135 [INFO] HTTP Request: POST https://api.deepseek.com/chat/completions "HTTP/1.1 200 OK"
2026-03-11 00:21:44,611 [INFO] HTTP Request: POST https://api.deepseek.com/chat/completions "HTTP/1.1 200 OK"
2026-03-11 00:21:46,294 [INFO] HTTP Request: POST https://api.deepseek.com/chat/completions "HTTP/1.1 200 OK"
2026-03-11 00:21:48,039 [INFO] HTTP Request: POST https://api.deepseek.com/chat/completions "HTTP/1.1 200 OK"
2026-03-11 00:21:49,542 [INFO] HTTP Request: POST https://api.deepseek.com/chat/completions "HTTP/1.1 200 OK"
2026-03-11 00:21:51,137 [INFO] HTTP Request: POST https://api.deepseek.com/chat/completions "HTTP/1.1 200 OK"
2026-03-11 00:21:52,521 [INFO] HTTP Request: POST https://api.deepseek.com/chat/completions "HTTP/1.1 200 OK"
2026-03-11 00:21:53,856 [INFO] HTTP Request: POST https://api.deepseek.com/chat/completions "HTTP/1.1 200 OK"
2026-03-11 00:21:55,585 [INFO] HTTP Request: POST https://api.deepseek.com/chat/completions "HTTP/1.1 200 OK"
2026-03-11 00:22:00,874 [INFO] HTTP Request: POST https://api.deepseek.com/chat/completions "HTTP/1.1 200 OK"
2026-03-11 00:22:02,503 [INFO] HTTP Request: POST https://api.deepseek.com/chat/completions "HTTP/1.1 200 OK"
2026-03-11 00:22:04,020 [INFO] HTTP Request: POST https://api.deepseek.com/chat/completions "HTTP/1.1 200 OK"
2026-03-11 00:22:05,616 [INFO] HTTP Request: POST https://api.deepseek.com/chat/completions "HTTP/1.1 200 OK"
2026-03-11 00:22:07,135 [INFO] HTTP Request: POST https://api.deepseek.com/chat/completions "HTTP/1.1 200 OK"
2026-03-11 00:22:08,534 [INFO] HTTP Request: POST https://api.deepseek.com/chat/completions "HTTP/1.1 200 OK"
2026-03-11 00:22:09,595 [INFO] HTTP Request: POST https://api.deepseek.com/chat/completions "HTTP/1.1 200 OK"
2026-03-11 00:22:10,810 [INFO] HTTP Request: POST https://api.deepseek.com/chat/completions "HTTP/1.1 200 OK"
2026-03-11 00:22:12,346 [INFO] HTTP Request: POST https://api.deepseek.com/chat/completions "HTTP/1.1 200 OK"
2026-03-11 00:22:14,110 [INFO] HTTP Request: POST https://api.deepseek.com/chat/completions "HTTP/1.1 200 OK"
2026-03-11 00:22:15,735 [INFO] HTTP Request: POST https://api.deepseek.com/chat/completions "HTTP/1.1 200 OK"
2026-03-11 00:22:17,300 [INFO] HTTP Request: POST https://api.deepseek.com/chat/completions "HTTP/1.1 200 OK"
2026-03-11 00:22:18,743 [INFO] HTTP Request: POST https://api.deepseek.com/chat/completions "HTTP/1.1 200 OK"
2026-03-11 00:22:20,177 [INFO] HTTP Request: POST https://api.deepseek.com/chat/completions "HTTP/1.1 200 OK"
2026-03-11 00:22:21,641 [INFO] HTTP Request: POST https://api.deepseek.com/chat/completions "HTTP/1.1 200 OK"
2026-03-11 00:22:23,158 [INFO] HTTP Request: POST https://api.deepseek.com/chat/completions "HTTP/1.1 200 OK"
2026-03-11 00:22:24,673 [INFO] HTTP Request: POST https://api.deepseek.com/chat/completions "HTTP/1.1 200 OK"
2026-03-11 00:22:26,070 [INFO] HTTP Request: POST https://api.deepseek.com/chat/completions "HTTP/1.1 200 OK"
2026-03-11 00:22:27,492 [INFO] HTTP Request: POST https://api.deepseek.com/chat/completions "HTTP/1.1 200 OK"
2026-03-11 00:22:28,819 [INFO] HTTP Request: POST https://api.deepseek.com/chat/completions "HTTP/1.1 200 OK"
2026-03-11 00:22:31,665 [INFO] HTTP Request: POST https://api.deepseek.com/chat/completions "HTTP/1.1 200 OK"
2026-03-11 00:22:36,804 [INFO] HTTP Request: POST https://api.deepseek.com/chat/completions "HTTP/1.1 200 OK"
2026-03-11 00:22:37,937 [INFO] HTTP Request: POST https://api.deepseek.com/chat/completions "HTTP/1.1 200 OK"
2026-03-11 00:22:39,455 [INFO] HTTP Request: POST https://api.deepseek.com/chat/completions "HTTP/1.1 200 OK"
2026-03-11 00:22:40,970 [INFO] HTTP Request: POST https://api.deepseek.com/chat/completions "HTTP/1.1 200 OK"
2026-03-11 00:22:42,604 [INFO] HTTP Request: POST https://api.deepseek.com/chat/completions "HTTP/1.1 200 OK"
2026-03-11 00:22:43,653 [INFO] HTTP Request: POST https://api.deepseek.com/chat/completions "HTTP/1.1 200 OK"
2026-03-11 00:22:44,847 [INFO] HTTP Request: POST https://api.deepseek.com/chat/completions "HTTP/1.1 200 OK"
2026-03-11 00:22:46,216 [INFO] HTTP Request: POST https://api.deepseek.com/chat/completions "HTTP/1.1 200 OK"
2026-03-11 00:22:47,566 [INFO] HTTP Request: POST https://api.deepseek.com/chat/completions "HTTP/1.1 200 OK"
2026-03-11 00:22:49,106 [INFO] HTTP Request: POST https://api.deepseek.com/chat/completions "HTTP/1.1 200 OK"
2026-03-11 00:22:50,419 [INFO] HTTP Request: POST https://api.deepseek.com/chat/completions "HTTP/1.1 200 OK"
2026-03-11 00:22:51,455 [INFO] HTTP Request: POST https://api.deepseek.com/chat/completions "HTTP/1.1 200 OK"
2026-03-11 00:22:52,975 [INFO] HTTP Request: POST https://api.deepseek.com/chat/completions "HTTP/1.1 200 OK"
2026-03-11 00:22:54,371 [INFO] HTTP Request: POST https://api.deepseek.com/chat/completions "HTTP/1.1 200 OK"
2026-03-11 00:22:55,545 [INFO] HTTP Request: POST https://api.deepseek.com/chat/completions "HTTP/1.1 200 OK"
2026-03-11 00:22:56,727 [INFO] HTTP Request: POST https://api.deepseek.com/chat/completions "HTTP/1.1 200 OK"
2026-03-11 00:22:58,133 [INFO] HTTP Request: POST https://api.deepseek.com/chat/completions "HTTP/1.1 200 OK"
2026-03-11 00:22:59,888 [INFO] HTTP Request: POST https://api.deepseek.com/chat/completions "HTTP/1.1 200 OK"
2026-03-11 00:23:01,827 [INFO] HTTP Request: POST https://api.deepseek.com/chat/completions "HTTP/1.1 200 OK"
2026-03-11 00:23:03,746 [INFO] HTTP Request: POST https://api.deepseek.com/chat/completions "HTTP/1.1 200 OK"
2026-03-11 00:23:05,960 [INFO] HTTP Request: POST https://api.deepseek.com/chat/completions "HTTP/1.1 200 OK"
2026-03-11 00:23:08,489 [INFO] HTTP Request: POST https://api.deepseek.com/chat/completions "HTTP/1.1 200 OK"
2026-03-11 00:23:15,311 [INFO] HTTP Request: POST https://api.deepseek.com/chat/completions "HTTP/1.1 200 OK"
2026-03-11 00:23:18,491 [INFO] HTTP Request: POST https://api.deepseek.com/chat/completions "HTTP/1.1 200 OK"
2026-03-11 00:23:22,113 [INFO] HTTP Request: POST https://api.deepseek.com/chat/completions "HTTP/1.1 200 OK"
2026-03-11 00:23:25,910 [INFO] HTTP Request: POST https://api.deepseek.com/chat/completions "HTTP/1.1 200 OK"
2026-03-11 00:23:29,565 [INFO] HTTP Request: POST https://api.deepseek.com/chat/completions "HTTP/1.1 200 OK"
2026-03-11 00:23:32,828 [INFO] HTTP Request: POST https://api.deepseek.com/chat/completions "HTTP/1.1 200 OK"
2026-03-11 00:23:36,754 [INFO] HTTP Request: POST https://api.deepseek.com/chat/completions "HTTP/1.1 200 OK"
2026-03-11 00:23:40,001 [INFO] HTTP Request: POST https://api.deepseek.com/chat/completions "HTTP/1.1 200 OK"
2026-03-11 00:23:43,496 [INFO] HTTP Request: POST https://api.deepseek.com/chat/completions "HTTP/1.1 200 OK"
2026-03-11 00:23:49,537 [INFO] HTTP Request: POST https://api.deepseek.com/chat/completions "HTTP/1.1 200 OK"
2026-03-11 00:23:51,175 [INFO] HTTP Request: POST https://api.deepseek.com/chat/completions "HTTP/1.1 200 OK"
2026-03-11 00:23:52,680 [INFO] HTTP Request: POST https://api.deepseek.com/chat/completions "HTTP/1.1 200 OK"
2026-03-11 00:23:54,119 [INFO] HTTP Request: POST https://api.deepseek.com/chat/completions "HTTP/1.1 200 OK"
2026-03-11 00:23:55,562 [INFO] HTTP Request: POST https://api.deepseek.com/chat/completions "HTTP/1.1 200 OK"
2026-03-11 00:23:57,326 [INFO] HTTP Request: POST https://api.deepseek.com/chat/completions "HTTP/1.1 200 OK"
2026-03-11 00:23:58,670 [INFO] HTTP Request: POST https://api.deepseek.com/chat/completions "HTTP/1.1 200 OK"
2026-03-11 00:24:00,142 [INFO] HTTP Request: POST https://api.deepseek.com/chat/completions "HTTP/1.1 200 OK"
2026-03-11 00:24:01,630 [INFO] HTTP Request: POST https://api.deepseek.com/chat/completions "HTTP/1.1 200 OK"
2026-03-11 00:24:03,170 [INFO] HTTP Request: POST https://api.deepseek.com/chat/completions "HTTP/1.1 200 OK"
2026-03-11 00:24:04,486 [INFO] HTTP Request: POST https://api.deepseek.com/chat/completions "HTTP/1.1 200 OK"
2026-03-11 00:24:05,867 [INFO] HTTP Request: POST https://api.deepseek.com/chat/completions "HTTP/1.1 200 OK"
2026-03-11 00:24:07,184 [INFO] HTTP Request: POST https://api.deepseek.com/chat/completions "HTTP/1.1 200 OK"
2026-03-11 00:24:08,458 [INFO] HTTP Request: POST https://api.deepseek.com/chat/completions "HTTP/1.1 200 OK"
2026-03-11 00:24:10,127 [INFO] HTTP Request: POST https://api.deepseek.com/chat/completions "HTTP/1.1 200 OK"
2026-03-11 00:24:11,405 [INFO] HTTP Request: POST https://api.deepseek.com/chat/completions "HTTP/1.1 200 OK"
2026-03-11 00:24:12,770 [INFO] HTTP Request: POST https://api.deepseek.com/chat/completions "HTTP/1.1 200 OK"
2026-03-11 00:24:14,384 [INFO] HTTP Request: POST https://api.deepseek.com/chat/completions "HTTP/1.1 200 OK"
2026-03-11 00:24:15,997 [INFO] HTTP Request: POST https://api.deepseek.com/chat/completions "HTTP/1.1 200 OK"
2026-03-11 00:24:17,286 [INFO] HTTP Request: POST https://api.deepseek.com/chat/completions "HTTP/1.1 200 OK"
2026-03-11 00:24:18,459 [INFO] HTTP Request: POST https://api.deepseek.com/chat/completions "HTTP/1.1 200 OK"
2026-03-11 00:24:19,904 [INFO] HTTP Request: POST https://api.deepseek.com/chat/completions "HTTP/1.1 200 OK"
2026-03-11 00:24:25,057 [INFO] HTTP Request: POST https://api.deepseek.com/chat/completions "HTTP/1.1 200 OK"
2026-03-11 00:24:26,700 [INFO] HTTP Request: POST https://api.deepseek.com/chat/completions "HTTP/1.1 200 OK"
2026-03-11 00:24:28,180 [INFO] HTTP Request: POST https://api.deepseek.com/chat/completions "HTTP/1.1 200 OK"
2026-03-11 00:24:29,566 [INFO] HTTP Request: POST https://api.deepseek.com/chat/completions "HTTP/1.1 200 OK"
2026-03-11 00:24:30,919 [INFO] HTTP Request: POST https://api.deepseek.com/chat/completions "HTTP/1.1 200 OK"
2026-03-11 00:24:32,227 [INFO] HTTP Request: POST https://api.deepseek.com/chat/completions "HTTP/1.1 200 OK"
2026-03-11 00:24:33,823 [INFO] HTTP Request: POST https://api.deepseek.com/chat/completions "HTTP/1.1 200 OK"
2026-03-11 00:24:35,341 [INFO] HTTP Request: POST https://api.deepseek.com/chat/completions "HTTP/1.1 200 OK"
2026-03-11 00:24:36,796 [INFO] HTTP Request: POST https://api.deepseek.com/chat/completions "HTTP/1.1 200 OK"
2026-03-11 00:24:38,336 [INFO] HTTP Request: POST https://api.deepseek.com/chat/completions "HTTP/1.1 200 OK"
2026-03-11 00:24:39,695 [INFO] HTTP Request: POST https://api.deepseek.com/chat/completions "HTTP/1.1 200 OK"
2026-03-11 00:24:41,108 [INFO] HTTP Request: POST https://api.deepseek.com/chat/completions "HTTP/1.1 200 OK"
2026-03-11 00:24:42,691 [INFO] HTTP Request: POST https://api.deepseek.com/chat/completions "HTTP/1.1 200 OK"
2026-03-11 00:24:44,068 [INFO] HTTP Request: POST https://api.deepseek.com/chat/completions "HTTP/1.1 200 OK"
2026-03-11 00:24:45,640 [INFO] HTTP Request: POST https://api.deepseek.com/chat/completions "HTTP/1.1 200 OK"
2026-03-11 00:24:46,858 [INFO] HTTP Request: POST https://api.deepseek.com/chat/completions "HTTP/1.1 200 OK"
2026-03-11 00:24:48,319 [INFO] HTTP Request: POST https://api.deepseek.com/chat/completions "HTTP/1.1 200 OK"
2026-03-11 00:24:49,866 [INFO] HTTP Request: POST https://api.deepseek.com/chat/completions "HTTP/1.1 200 OK"
2026-03-11 00:24:51,219 [INFO] HTTP Request: POST https://api.deepseek.com/chat/completions "HTTP/1.1 200 OK"
2026-03-11 00:24:52,556 [INFO] HTTP Request: POST https://api.deepseek.com/chat/completions "HTTP/1.1 200 OK"
2026-03-11 00:24:54,065 [INFO] HTTP Request: POST https://api.deepseek.com/chat/completions "HTTP/1.1 200 OK"
2026-03-11 00:24:55,356 [INFO] HTTP Request: POST https://api.deepseek.com/chat/completions "HTTP/1.1 200 OK"
2026-03-11 00:25:00,344 [INFO] HTTP Request: POST https://api.deepseek.com/chat/completions "HTTP/1.1 200 OK"
2026-03-11 00:25:01,771 [INFO] HTTP Request: POST https://api.deepseek.com/chat/completions "HTTP/1.1 200 OK"
2026-03-11 00:25:03,242 [INFO] HTTP Request: POST https://api.deepseek.com/chat/completions "HTTP/1.1 200 OK"
2026-03-11 00:25:04,726 [INFO] HTTP Request: POST https://api.deepseek.com/chat/completions "HTTP/1.1 200 OK"
2026-03-11 00:25:06,204 [INFO] HTTP Request: POST https://api.deepseek.com/chat/completions "HTTP/1.1 200 OK"
2026-03-11 00:25:07,544 [INFO] HTTP Request: POST https://api.deepseek.com/chat/completions "HTTP/1.1 200 OK"
2026-03-11 00:25:08,897 [INFO] HTTP Request: POST https://api.deepseek.com/chat/completions "HTTP/1.1 200 OK"
2026-03-11 00:25:10,445 [INFO] HTTP Request: POST https://api.deepseek.com/chat/completions "HTTP/1.1 200 OK"
2026-03-11 00:25:11,758 [INFO] HTTP Request: POST https://api.deepseek.com/chat/completions "HTTP/1.1 200 OK"
2026-03-11 00:25:12,999 [INFO] HTTP Request: POST https://api.deepseek.com/chat/completions "HTTP/1.1 200 OK"
2026-03-11 00:25:14,500 [INFO] HTTP Request: POST https://api.deepseek.com/chat/completions "HTTP/1.1 200 OK"
2026-03-11 00:25:15,751 [INFO] HTTP Request: POST https://api.deepseek.com/chat/completions "HTTP/1.1 200 OK"
2026-03-11 00:25:17,146 [INFO] HTTP Request: POST https://api.deepseek.com/chat/completions "HTTP/1.1 200 OK"
2026-03-11 00:25:18,430 [INFO] HTTP Request: POST https://api.deepseek.com/chat/completions "HTTP/1.1 200 OK"
2026-03-11 00:25:20,057 [INFO] HTTP Request: POST https://api.deepseek.com/chat/completions "HTTP/1.1 200 OK"
2026-03-11 00:25:21,537 [INFO] HTTP Request: POST https://api.deepseek.com/chat/completions "HTTP/1.1 200 OK"
2026-03-11 00:25:22,937 [INFO] HTTP Request: POST https://api.deepseek.com/chat/completions "HTTP/1.1 200 OK"
2026-03-11 00:25:24,262 [INFO] HTTP Request: POST https://api.deepseek.com/chat/completions "HTTP/1.1 200 OK"
2026-03-11 00:25:25,657 [INFO] HTTP Request: POST https://api.deepseek.com/chat/completions "HTTP/1.1 200 OK"
2026-03-11 00:25:27,042 [INFO] HTTP Request: POST https://api.deepseek.com/chat/completions "HTTP/1.1 200 OK"
2026-03-11 00:25:28,612 [INFO] HTTP Request: POST https://api.deepseek.com/chat/completions "HTTP/1.1 200 OK"
2026-03-11 00:25:29,970 [INFO] HTTP Request: POST https://api.deepseek.com/chat/completions "HTTP/1.1 200 OK"
2026-03-11 00:25:36,269 [INFO] HTTP Request: POST https://api.deepseek.com/chat/completions "HTTP/1.1 200 OK"
2026-03-11 00:25:37,806 [INFO] HTTP Request: POST https://api.deepseek.com/chat/completions "HTTP/1.1 200 OK"
2026-03-11 00:25:39,065 [INFO] HTTP Request: POST https://api.deepseek.com/chat/completions "HTTP/1.1 200 OK"
2026-03-11 00:25:40,488 [INFO] HTTP Request: POST https://api.deepseek.com/chat/completions "HTTP/1.1 200 OK"
2026-03-11 00:25:41,869 [INFO] HTTP Request: POST https://api.deepseek.com/chat/completions "HTTP/1.1 200 OK"
2026-03-11 00:25:43,265 [INFO] HTTP Request: POST https://api.deepseek.com/chat/completions "HTTP/1.1 200 OK"
2026-03-11 00:25:44,667 [INFO] HTTP Request: POST https://api.deepseek.com/chat/completions "HTTP/1.1 200 OK"
2026-03-11 00:25:46,043 [INFO] HTTP Request: POST https://api.deepseek.com/chat/completions "HTTP/1.1 200 OK"
2026-03-11 00:25:47,286 [INFO] HTTP Request: POST https://api.deepseek.com/chat/completions "HTTP/1.1 200 OK"
2026-03-11 00:25:48,610 [INFO] HTTP Request: POST https://api.deepseek.com/chat/completions "HTTP/1.1 200 OK"
2026-03-11 00:25:49,701 [INFO] HTTP Request: POST https://api.deepseek.com/chat/completions "HTTP/1.1 200 OK"
2026-03-11 00:25:51,199 [INFO] HTTP Request: POST https://api.deepseek.com/chat/completions "HTTP/1.1 200 OK"
2026-03-11 00:25:52,681 [INFO] HTTP Request: POST https://api.deepseek.com/chat/completions "HTTP/1.1 200 OK"
2026-03-11 00:25:53,864 [INFO] HTTP Request: POST https://api.deepseek.com/chat/completions "HTTP/1.1 200 OK"
2026-03-11 00:25:55,295 [INFO] HTTP Request: POST https://api.deepseek.com/chat/completions "HTTP/1.1 200 OK"
2026-03-11 00:25:56,643 [INFO] HTTP Request: POST https://api.deepseek.com/chat/completions "HTTP/1.1 200 OK"
2026-03-11 00:25:57,750 [INFO] HTTP Request: POST https://api.deepseek.com/chat/completions "HTTP/1.1 200 OK"
2026-03-11 00:25:58,996 [INFO] HTTP Request: POST https://api.deepseek.com/chat/completions "HTTP/1.1 200 OK"
2026-03-11 00:26:00,653 [INFO] HTTP Request: POST https://api.deepseek.com/chat/completions "HTTP/1.1 200 OK"
2026-03-11 00:26:02,193 [INFO] HTTP Request: POST https://api.deepseek.com/chat/completions "HTTP/1.1 200 OK"
2026-03-11 00:26:03,531 [INFO] HTTP Request: POST https://api.deepseek.com/chat/completions "HTTP/1.1 200 OK"
2026-03-11 00:26:04,669 [INFO] HTTP Request: POST https://api.deepseek.com/chat/completions "HTTP/1.1 200 OK"
2026-03-11 00:26:06,184 [INFO] HTTP Request: POST https://api.deepseek.com/chat/completions "HTTP/1.1 200 OK"
2026-03-11 00:26:11,497 [INFO] HTTP Request: POST https://api.deepseek.com/chat/completions "HTTP/1.1 200 OK"
2026-03-11 00:26:12,900 [INFO] HTTP Request: POST https://api.deepseek.com/chat/completions "HTTP/1.1 200 OK"
2026-03-11 00:26:14,570 [INFO] HTTP Request: POST https://api.deepseek.com/chat/completions "HTTP/1.1 200 OK"
2026-03-11 00:26:15,899 [INFO] HTTP Request: POST https://api.deepseek.com/chat/completions "HTTP/1.1 200 OK"
2026-03-11 00:26:17,306 [INFO] HTTP Request: POST https://api.deepseek.com/chat/completions "HTTP/1.1 200 OK"
2026-03-11 00:26:18,716 [INFO] HTTP Request: POST https://api.deepseek.com/chat/completions "HTTP/1.1 200 OK"
2026-03-11 00:26:19,850 [INFO] HTTP Request: POST https://api.deepseek.com/chat/completions "HTTP/1.1 200 OK"
2026-03-11 00:26:20,874 [INFO] HTTP Request: POST https://api.deepseek.com/chat/completions "HTTP/1.1 200 OK"
2026-03-11 00:26:22,026 [INFO] HTTP Request: POST https://api.deepseek.com/chat/completions "HTTP/1.1 200 OK"
2026-03-11 00:26:23,484 [INFO] HTTP Request: POST https://api.deepseek.com/chat/completions "HTTP/1.1 200 OK"
2026-03-11 00:26:24,623 [INFO] HTTP Request: POST https://api.deepseek.com/chat/completions "HTTP/1.1 200 OK"
2026-03-11 00:26:25,915 [INFO] HTTP Request: POST https://api.deepseek.com/chat/completions "HTTP/1.1 200 OK"
2026-03-11 00:26:27,085 [INFO] HTTP Request: POST https://api.deepseek.com/chat/completions "HTTP/1.1 200 OK"
2026-03-11 00:26:28,294 [INFO] HTTP Request: POST https://api.deepseek.com/chat/completions "HTTP/1.1 200 OK"
2026-03-11 00:26:29,622 [INFO] HTTP Request: POST https://api.deepseek.com/chat/completions "HTTP/1.1 200 OK"
2026-03-11 00:26:30,721 [INFO] HTTP Request: POST https://api.deepseek.com/chat/completions "HTTP/1.1 200 OK"
2026-03-11 00:26:32,236 [INFO] HTTP Request: POST https://api.deepseek.com/chat/completions "HTTP/1.1 200 OK"
2026-03-11 00:26:33,588 [INFO] HTTP Request: POST https://api.deepseek.com/chat/completions "HTTP/1.1 200 OK"
2026-03-11 00:26:35,076 [INFO] HTTP Request: POST https://api.deepseek.com/chat/completions "HTTP/1.1 200 OK"
2026-03-11 00:26:36,199 [INFO] HTTP Request: POST https://api.deepseek.com/chat/completions "HTTP/1.1 200 OK"
2026-03-11 00:26:37,655 [INFO] HTTP Request: POST https://api.deepseek.com/chat/completions "HTTP/1.1 200 OK"
2026-03-11 00:26:39,277 [INFO] HTTP Request: POST https://api.deepseek.com/chat/completions "HTTP/1.1 200 OK"
2026-03-11 00:26:40,691 [INFO] HTTP Request: POST https://api.deepseek.com/chat/completions "HTTP/1.1 200 OK"
2026-03-11 00:26:42,234 [INFO] HTTP Request: POST https://api.deepseek.com/chat/completions "HTTP/1.1 200 OK"
2026-03-11 00:26:47,337 [INFO] HTTP Request: POST https://api.deepseek.com/chat/completions "HTTP/1.1 200 OK"
2026-03-11 00:26:48,771 [INFO] HTTP Request: POST https://api.deepseek.com/chat/completions "HTTP/1.1 200 OK"
2026-03-11 00:26:50,271 [INFO] HTTP Request: POST https://api.deepseek.com/chat/completions "HTTP/1.1 200 OK"
2026-03-11 00:26:51,634 [INFO] HTTP Request: POST https://api.deepseek.com/chat/completions "HTTP/1.1 200 OK"
2026-03-11 00:26:53,064 [INFO] HTTP Request: POST https://api.deepseek.com/chat/completions "HTTP/1.1 200 OK"
2026-03-11 00:26:54,273 [INFO] HTTP Request: POST https://api.deepseek.com/chat/completions "HTTP/1.1 200 OK"
2026-03-11 00:26:55,823 [INFO] HTTP Request: POST https://api.deepseek.com/chat/completions "HTTP/1.1 200 OK"
2026-03-11 00:26:57,369 [INFO] HTTP Request: POST https://api.deepseek.com/chat/completions "HTTP/1.1 200 OK"
2026-03-11 00:26:58,856 [INFO] HTTP Request: POST https://api.deepseek.com/chat/completions "HTTP/1.1 200 OK"
2026-03-11 00:27:00,247 [INFO] HTTP Request: POST https://api.deepseek.com/chat/completions "HTTP/1.1 200 OK"
2026-03-11 00:27:01,657 [INFO] HTTP Request: POST https://api.deepseek.com/chat/completions "HTTP/1.1 200 OK"
2026-03-11 00:27:03,384 [INFO] HTTP Request: POST https://api.deepseek.com/chat/completions "HTTP/1.1 200 OK"
2026-03-11 00:27:04,622 [INFO] HTTP Request: POST https://api.deepseek.com/chat/completions "HTTP/1.1 200 OK"
2026-03-11 00:27:06,108 [INFO] HTTP Request: POST https://api.deepseek.com/chat/completions "HTTP/1.1 200 OK"
2026-03-11 00:27:07,409 [INFO] HTTP Request: POST https://api.deepseek.com/chat/completions "HTTP/1.1 200 OK"
2026-03-11 00:27:09,248 [INFO] HTTP Request: POST https://api.deepseek.com/chat/completions "HTTP/1.1 200 OK"
2026-03-11 00:27:10,694 [INFO] HTTP Request: POST https://api.deepseek.com/chat/completions "HTTP/1.1 200 OK"
2026-03-11 00:27:12,353 [INFO] HTTP Request: POST https://api.deepseek.com/chat/completions "HTTP/1.1 200 OK"
2026-03-11 00:27:13,663 [INFO] HTTP Request: POST https://api.deepseek.com/chat/completions "HTTP/1.1 200 OK"
2026-03-11 00:27:15,165 [INFO] HTTP Request: POST https://api.deepseek.com/chat/completions "HTTP/1.1 200 OK"
2026-03-11 00:27:16,533 [INFO] HTTP Request: POST https://api.deepseek.com/chat/completions "HTTP/1.1 200 OK"
2026-03-11 00:27:17,701 [INFO] HTTP Request: POST https://api.deepseek.com/chat/completions "HTTP/1.1 200 OK"
2026-03-11 00:27:19,222 [INFO] HTTP Request: POST https://api.deepseek.com/chat/completions "HTTP/1.1 200 OK"
2026-03-11 00:27:24,041 [INFO] HTTP Request: POST https://api.deepseek.com/chat/completions "HTTP/1.1 200 OK"
2026-03-11 00:27:25,520 [INFO] HTTP Request: POST https://api.deepseek.com/chat/completions "HTTP/1.1 200 OK"
2026-03-11 00:27:26,543 [INFO] HTTP Request: POST https://api.deepseek.com/chat/completions "HTTP/1.1 200 OK"
2026-03-11 00:27:27,966 [INFO] HTTP Request: POST https://api.deepseek.com/chat/completions "HTTP/1.1 200 OK"
2026-03-11 00:27:29,466 [INFO] HTTP Request: POST https://api.deepseek.com/chat/completions "HTTP/1.1 200 OK"
2026-03-11 00:27:31,141 [INFO] HTTP Request: POST https://api.deepseek.com/chat/completions "HTTP/1.1 200 OK"
2026-03-11 00:27:32,464 [INFO] HTTP Request: POST https://api.deepseek.com/chat/completions "HTTP/1.1 200 OK"
2026-03-11 00:27:33,909 [INFO] HTTP Request: POST https://api.deepseek.com/chat/completions "HTTP/1.1 200 OK"
2026-03-11 00:27:35,687 [INFO] HTTP Request: POST https://api.deepseek.com/chat/completions "HTTP/1.1 200 OK"
