2026-03-10 23:13:01,162 [INFO] ============================================================
2026-03-10 23:13:01,163 [INFO] Experiment started  run_id=20260310_231301
2026-03-10 23:13:01,163 [INFO] games=10  iters=[50, 200]  hybrid_k=3
2026-03-10 23:13:01,163 [INFO] Logs → results
2026-03-10 23:13:01,163 [INFO] ============================================================
2026-03-10 23:13:01,163 [INFO] 
2026-03-10 23:13:01,163 [INFO] ━━━━━━━━━━━━━━━━━━━━━━━━━━━━━━━━━━━━━━━━━━━━━━━━━━━━━━━━━━━━
2026-03-10 23:13:01,163 [INFO] MATCHUP: BASELINE_VS_DIRECT
2026-03-10 23:13:01,163 [INFO] ━━━━━━━━━━━━━━━━━━━━━━━━━━━━━━━━━━━━━━━━━━━━━━━━━━━━━━━━━━━━
2026-03-10 23:13:01,163 [INFO]   ── iters=50 ──
2026-03-10 23:13:01,763 [INFO] HTTP Request: POST https://api.deepseek.com/chat/completions "HTTP/1.1 200 OK"
2026-03-10 23:13:03,282 [INFO] HTTP Request: POST https://api.deepseek.com/chat/completions "HTTP/1.1 200 OK"
2026-03-10 23:13:04,818 [INFO] HTTP Request: POST https://api.deepseek.com/chat/completions "HTTP/1.1 200 OK"
2026-03-10 23:13:06,378 [INFO] HTTP Request: POST https://api.deepseek.com/chat/completions "HTTP/1.1 200 OK"
2026-03-10 23:13:07,741 [INFO] HTTP Request: POST https://api.deepseek.com/chat/completions "HTTP/1.1 200 OK"
2026-03-10 23:13:09,238 [INFO] HTTP Request: POST https://api.deepseek.com/chat/completions "HTTP/1.1 200 OK"
2026-03-10 23:13:10,591 [INFO] HTTP Request: POST https://api.deepseek.com/chat/completions "HTTP/1.1 200 OK"
2026-03-10 23:13:12,036 [INFO] HTTP Request: POST https://api.deepseek.com/chat/completions "HTTP/1.1 200 OK"
2026-03-10 23:13:13,254 [INFO] HTTP Request: POST https://api.deepseek.com/chat/completions "HTTP/1.1 200 OK"
2026-03-10 23:13:14,810 [INFO] HTTP Request: POST https://api.deepseek.com/chat/completions "HTTP/1.1 200 OK"
2026-03-10 23:13:19,902 [INFO] HTTP Request: POST https://api.deepseek.com/chat/completions "HTTP/1.1 200 OK"
2026-03-10 23:13:21,315 [INFO] HTTP Request: POST https://api.deepseek.com/chat/completions "HTTP/1.1 200 OK"
2026-03-10 23:13:22,786 [INFO] HTTP Request: POST https://api.deepseek.com/chat/completions "HTTP/1.1 200 OK"
2026-03-10 23:13:24,162 [INFO] HTTP Request: POST https://api.deepseek.com/chat/completions "HTTP/1.1 200 OK"
2026-03-10 23:13:25,573 [INFO] HTTP Request: POST https://api.deepseek.com/chat/completions "HTTP/1.1 200 OK"
2026-03-10 23:13:26,953 [INFO] HTTP Request: POST https://api.deepseek.com/chat/completions "HTTP/1.1 200 OK"
2026-03-10 23:13:28,229 [INFO] HTTP Request: POST https://api.deepseek.com/chat/completions "HTTP/1.1 200 OK"
2026-03-10 23:13:29,715 [INFO] HTTP Request: POST https://api.deepseek.com/chat/completions "HTTP/1.1 200 OK"
2026-03-10 23:13:31,158 [INFO] HTTP Request: POST https://api.deepseek.com/chat/completions "HTTP/1.1 200 OK"
2026-03-10 23:13:32,646 [INFO] HTTP Request: POST https://api.deepseek.com/chat/completions "HTTP/1.1 200 OK"
2026-03-10 23:13:33,890 [INFO] HTTP Request: POST https://api.deepseek.com/chat/completions "HTTP/1.1 200 OK"
2026-03-10 23:13:35,534 [INFO] HTTP Request: POST https://api.deepseek.com/chat/completions "HTTP/1.1 200 OK"
2026-03-10 23:13:36,910 [INFO] HTTP Request: POST https://api.deepseek.com/chat/completions "HTTP/1.1 200 OK"
2026-03-10 23:13:38,300 [INFO] HTTP Request: POST https://api.deepseek.com/chat/completions "HTTP/1.1 200 OK"
2026-03-10 23:13:39,693 [INFO] HTTP Request: POST https://api.deepseek.com/chat/completions "HTTP/1.1 200 OK"
2026-03-10 23:13:40,866 [INFO] HTTP Request: POST https://api.deepseek.com/chat/completions "HTTP/1.1 200 OK"
2026-03-10 23:13:42,465 [INFO] HTTP Request: POST https://api.deepseek.com/chat/completions "HTTP/1.1 200 OK"
2026-03-10 23:13:43,582 [INFO] HTTP Request: POST https://api.deepseek.com/chat/completions "HTTP/1.1 200 OK"
2026-03-10 23:13:45,454 [INFO] HTTP Request: POST https://api.deepseek.com/chat/completions "HTTP/1.1 200 OK"
2026-03-10 23:13:46,620 [INFO] HTTP Request: POST https://api.deepseek.com/chat/completions "HTTP/1.1 200 OK"
2026-03-10 23:13:48,934 [INFO] HTTP Request: POST https://api.deepseek.com/chat/completions "HTTP/1.1 200 OK"
2026-03-10 23:13:50,296 [INFO] HTTP Request: POST https://api.deepseek.com/chat/completions "HTTP/1.1 200 OK"
2026-03-10 23:13:51,914 [INFO] HTTP Request: POST https://api.deepseek.com/chat/completions "HTTP/1.1 200 OK"
2026-03-10 23:13:56,941 [INFO] HTTP Request: POST https://api.deepseek.com/chat/completions "HTTP/1.1 200 OK"
2026-03-10 23:13:58,353 [INFO] HTTP Request: POST https://api.deepseek.com/chat/completions "HTTP/1.1 200 OK"
2026-03-10 23:13:59,610 [INFO] HTTP Request: POST https://api.deepseek.com/chat/completions "HTTP/1.1 200 OK"
2026-03-10 23:14:01,146 [INFO] HTTP Request: POST https://api.deepseek.com/chat/completions "HTTP/1.1 200 OK"
2026-03-10 23:14:02,405 [INFO] HTTP Request: POST https://api.deepseek.com/chat/completions "HTTP/1.1 200 OK"
2026-03-10 23:14:04,005 [INFO] HTTP Request: POST https://api.deepseek.com/chat/completions "HTTP/1.1 200 OK"
2026-03-10 23:14:05,577 [INFO] HTTP Request: POST https://api.deepseek.com/chat/completions "HTTP/1.1 200 OK"
2026-03-10 23:14:07,118 [INFO] HTTP Request: POST https://api.deepseek.com/chat/completions "HTTP/1.1 200 OK"
2026-03-10 23:14:08,635 [INFO] HTTP Request: POST https://api.deepseek.com/chat/completions "HTTP/1.1 200 OK"
2026-03-10 23:14:10,028 [INFO] HTTP Request: POST https://api.deepseek.com/chat/completions "HTTP/1.1 200 OK"
2026-03-10 23:14:11,753 [INFO] HTTP Request: POST https://api.deepseek.com/chat/completions "HTTP/1.1 200 OK"
2026-03-10 23:14:13,235 [INFO] HTTP Request: POST https://api.deepseek.com/chat/completions "HTTP/1.1 200 OK"
2026-03-10 23:14:14,832 [INFO] HTTP Request: POST https://api.deepseek.com/chat/completions "HTTP/1.1 200 OK"
2026-03-10 23:14:16,404 [INFO] HTTP Request: POST https://api.deepseek.com/chat/completions "HTTP/1.1 200 OK"
2026-03-10 23:14:17,975 [INFO] HTTP Request: POST https://api.deepseek.com/chat/completions "HTTP/1.1 200 OK"
2026-03-10 23:14:19,323 [INFO] HTTP Request: POST https://api.deepseek.com/chat/completions "HTTP/1.1 200 OK"
2026-03-10 23:14:20,557 [INFO] HTTP Request: POST https://api.deepseek.com/chat/completions "HTTP/1.1 200 OK"
2026-03-10 23:14:22,721 [INFO] HTTP Request: POST https://api.deepseek.com/chat/completions "HTTP/1.1 200 OK"
2026-03-10 23:14:24,156 [INFO] HTTP Request: POST https://api.deepseek.com/chat/completions "HTTP/1.1 200 OK"
2026-03-10 23:14:25,644 [INFO] HTTP Request: POST https://api.deepseek.com/chat/completions "HTTP/1.1 200 OK"
2026-03-10 23:14:26,913 [INFO] HTTP Request: POST https://api.deepseek.com/chat/completions "HTTP/1.1 200 OK"
2026-03-10 23:14:32,000 [INFO] HTTP Request: POST https://api.deepseek.com/chat/completions "HTTP/1.1 200 OK"
2026-03-10 23:14:33,535 [INFO] HTTP Request: POST https://api.deepseek.com/chat/completions "HTTP/1.1 200 OK"
2026-03-10 23:14:35,089 [INFO] HTTP Request: POST https://api.deepseek.com/chat/completions "HTTP/1.1 200 OK"
2026-03-10 23:14:36,310 [INFO] HTTP Request: POST https://api.deepseek.com/chat/completions "HTTP/1.1 200 OK"
2026-03-10 23:14:37,530 [INFO] HTTP Request: POST https://api.deepseek.com/chat/completions "HTTP/1.1 200 OK"
2026-03-10 23:14:38,957 [INFO] HTTP Request: POST https://api.deepseek.com/chat/completions "HTTP/1.1 200 OK"
2026-03-10 23:14:40,488 [INFO] HTTP Request: POST https://api.deepseek.com/chat/completions "HTTP/1.1 200 OK"
2026-03-10 23:14:41,914 [INFO] HTTP Request: POST https://api.deepseek.com/chat/completions "HTTP/1.1 200 OK"
2026-03-10 23:14:43,325 [INFO] HTTP Request: POST https://api.deepseek.com/chat/completions "HTTP/1.1 200 OK"
2026-03-10 23:14:44,887 [INFO] HTTP Request: POST https://api.deepseek.com/chat/completions "HTTP/1.1 200 OK"
2026-03-10 23:14:46,177 [INFO] HTTP Request: POST https://api.deepseek.com/chat/completions "HTTP/1.1 200 OK"
2026-03-10 23:14:47,839 [INFO] HTTP Request: POST https://api.deepseek.com/chat/completions "HTTP/1.1 200 OK"
2026-03-10 23:14:49,222 [INFO] HTTP Request: POST https://api.deepseek.com/chat/completions "HTTP/1.1 200 OK"
2026-03-10 23:14:50,426 [INFO] HTTP Request: POST https://api.deepseek.com/chat/completions "HTTP/1.1 200 OK"
2026-03-10 23:14:51,789 [INFO] HTTP Request: POST https://api.deepseek.com/chat/completions "HTTP/1.1 200 OK"
2026-03-10 23:14:53,371 [INFO] HTTP Request: POST https://api.deepseek.com/chat/completions "HTTP/1.1 200 OK"
2026-03-10 23:14:54,610 [INFO] HTTP Request: POST https://api.deepseek.com/chat/completions "HTTP/1.1 200 OK"
2026-03-10 23:14:55,901 [INFO] HTTP Request: POST https://api.deepseek.com/chat/completions "HTTP/1.1 200 OK"
2026-03-10 23:14:57,431 [INFO] HTTP Request: POST https://api.deepseek.com/chat/completions "HTTP/1.1 200 OK"
2026-03-10 23:14:58,814 [INFO] HTTP Request: POST https://api.deepseek.com/chat/completions "HTTP/1.1 200 OK"
2026-03-10 23:15:00,088 [INFO] HTTP Request: POST https://api.deepseek.com/chat/completions "HTTP/1.1 200 OK"
2026-03-10 23:15:01,629 [INFO] HTTP Request: POST https://api.deepseek.com/chat/completions "HTTP/1.1 200 OK"
2026-03-10 23:15:02,994 [INFO] HTTP Request: POST https://api.deepseek.com/chat/completions "HTTP/1.1 200 OK"
2026-03-10 23:15:07,928 [INFO] HTTP Request: POST https://api.deepseek.com/chat/completions "HTTP/1.1 200 OK"
2026-03-10 23:15:09,344 [INFO] HTTP Request: POST https://api.deepseek.com/chat/completions "HTTP/1.1 200 OK"
2026-03-10 23:15:10,764 [INFO] HTTP Request: POST https://api.deepseek.com/chat/completions "HTTP/1.1 200 OK"
2026-03-10 23:15:12,041 [INFO] HTTP Request: POST https://api.deepseek.com/chat/completions "HTTP/1.1 200 OK"
2026-03-10 23:15:13,344 [INFO] HTTP Request: POST https://api.deepseek.com/chat/completions "HTTP/1.1 200 OK"
2026-03-10 23:15:14,895 [INFO] HTTP Request: POST https://api.deepseek.com/chat/completions "HTTP/1.1 200 OK"
2026-03-10 23:15:16,411 [INFO] HTTP Request: POST https://api.deepseek.com/chat/completions "HTTP/1.1 200 OK"
2026-03-10 23:15:17,781 [INFO] HTTP Request: POST https://api.deepseek.com/chat/completions "HTTP/1.1 200 OK"
2026-03-10 23:15:18,907 [INFO] HTTP Request: POST https://api.deepseek.com/chat/completions "HTTP/1.1 200 OK"
2026-03-10 23:15:20,052 [INFO] HTTP Request: POST https://api.deepseek.com/chat/completions "HTTP/1.1 200 OK"
2026-03-10 23:15:21,374 [INFO] HTTP Request: POST https://api.deepseek.com/chat/completions "HTTP/1.1 200 OK"
2026-03-10 23:15:22,565 [INFO] HTTP Request: POST https://api.deepseek.com/chat/completions "HTTP/1.1 200 OK"
2026-03-10 23:15:23,723 [INFO] HTTP Request: POST https://api.deepseek.com/chat/completions "HTTP/1.1 200 OK"
2026-03-10 23:15:24,953 [INFO] HTTP Request: POST https://api.deepseek.com/chat/completions "HTTP/1.1 200 OK"
2026-03-10 23:15:26,464 [INFO] HTTP Request: POST https://api.deepseek.com/chat/completions "HTTP/1.1 200 OK"
2026-03-10 23:15:27,823 [INFO] HTTP Request: POST https://api.deepseek.com/chat/completions "HTTP/1.1 200 OK"
2026-03-10 23:15:29,206 [INFO] HTTP Request: POST https://api.deepseek.com/chat/completions "HTTP/1.1 200 OK"
2026-03-10 23:15:30,598 [INFO] HTTP Request: POST https://api.deepseek.com/chat/completions "HTTP/1.1 200 OK"
2026-03-10 23:15:32,166 [INFO] HTTP Request: POST https://api.deepseek.com/chat/completions "HTTP/1.1 200 OK"
2026-03-10 23:15:33,558 [INFO] HTTP Request: POST https://api.deepseek.com/chat/completions "HTTP/1.1 200 OK"
2026-03-10 23:15:34,979 [INFO] HTTP Request: POST https://api.deepseek.com/chat/completions "HTTP/1.1 200 OK"
2026-03-10 23:15:36,896 [INFO] HTTP Request: POST https://api.deepseek.com/chat/completions "HTTP/1.1 200 OK"
2026-03-10 23:15:38,266 [INFO] HTTP Request: POST https://api.deepseek.com/chat/completions "HTTP/1.1 200 OK"
2026-03-10 23:15:43,826 [INFO] HTTP Request: POST https://api.deepseek.com/chat/completions "HTTP/1.1 200 OK"
2026-03-10 23:15:45,253 [INFO] HTTP Request: POST https://api.deepseek.com/chat/completions "HTTP/1.1 200 OK"
2026-03-10 23:15:46,644 [INFO] HTTP Request: POST https://api.deepseek.com/chat/completions "HTTP/1.1 200 OK"
2026-03-10 23:15:47,841 [INFO] HTTP Request: POST https://api.deepseek.com/chat/completions "HTTP/1.1 200 OK"
2026-03-10 23:15:49,235 [INFO] HTTP Request: POST https://api.deepseek.com/chat/completions "HTTP/1.1 200 OK"
2026-03-10 23:15:50,772 [INFO] HTTP Request: POST https://api.deepseek.com/chat/completions "HTTP/1.1 200 OK"
2026-03-10 23:15:52,200 [INFO] HTTP Request: POST https://api.deepseek.com/chat/completions "HTTP/1.1 200 OK"
2026-03-10 23:15:53,717 [INFO] HTTP Request: POST https://api.deepseek.com/chat/completions "HTTP/1.1 200 OK"
2026-03-10 23:15:55,053 [INFO] HTTP Request: POST https://api.deepseek.com/chat/completions "HTTP/1.1 200 OK"
2026-03-10 23:15:56,429 [INFO] HTTP Request: POST https://api.deepseek.com/chat/completions "HTTP/1.1 200 OK"
2026-03-10 23:15:58,011 [INFO] HTTP Request: POST https://api.deepseek.com/chat/completions "HTTP/1.1 200 OK"
2026-03-10 23:15:59,464 [INFO] HTTP Request: POST https://api.deepseek.com/chat/completions "HTTP/1.1 200 OK"
2026-03-10 23:16:00,925 [INFO] HTTP Request: POST https://api.deepseek.com/chat/completions "HTTP/1.1 200 OK"
2026-03-10 23:16:02,102 [INFO] HTTP Request: POST https://api.deepseek.com/chat/completions "HTTP/1.1 200 OK"
2026-03-10 23:16:03,584 [INFO] HTTP Request: POST https://api.deepseek.com/chat/completions "HTTP/1.1 200 OK"
2026-03-10 23:16:04,796 [INFO] HTTP Request: POST https://api.deepseek.com/chat/completions "HTTP/1.1 200 OK"
2026-03-10 23:16:06,109 [INFO] HTTP Request: POST https://api.deepseek.com/chat/completions "HTTP/1.1 200 OK"
2026-03-10 23:16:07,519 [INFO] HTTP Request: POST https://api.deepseek.com/chat/completions "HTTP/1.1 200 OK"
2026-03-10 23:16:08,952 [INFO] HTTP Request: POST https://api.deepseek.com/chat/completions "HTTP/1.1 200 OK"
2026-03-10 23:16:10,188 [INFO] HTTP Request: POST https://api.deepseek.com/chat/completions "HTTP/1.1 200 OK"
2026-03-10 23:16:11,707 [INFO] HTTP Request: POST https://api.deepseek.com/chat/completions "HTTP/1.1 200 OK"
2026-03-10 23:16:12,781 [INFO] HTTP Request: POST https://api.deepseek.com/chat/completions "HTTP/1.1 200 OK"
2026-03-10 23:16:14,284 [INFO] HTTP Request: POST https://api.deepseek.com/chat/completions "HTTP/1.1 200 OK"
2026-03-10 23:16:19,413 [INFO] HTTP Request: POST https://api.deepseek.com/chat/completions "HTTP/1.1 200 OK"
2026-03-10 23:16:20,645 [INFO] HTTP Request: POST https://api.deepseek.com/chat/completions "HTTP/1.1 200 OK"
2026-03-10 23:16:21,943 [INFO] HTTP Request: POST https://api.deepseek.com/chat/completions "HTTP/1.1 200 OK"
2026-03-10 23:16:23,405 [INFO] HTTP Request: POST https://api.deepseek.com/chat/completions "HTTP/1.1 200 OK"
2026-03-10 23:16:24,891 [INFO] HTTP Request: POST https://api.deepseek.com/chat/completions "HTTP/1.1 200 OK"
2026-03-10 23:16:26,305 [INFO] HTTP Request: POST https://api.deepseek.com/chat/completions "HTTP/1.1 200 OK"
2026-03-10 23:16:28,022 [INFO] HTTP Request: POST https://api.deepseek.com/chat/completions "HTTP/1.1 200 OK"
2026-03-10 23:16:29,282 [INFO] HTTP Request: POST https://api.deepseek.com/chat/completions "HTTP/1.1 200 OK"
2026-03-10 23:16:30,857 [INFO] HTTP Request: POST https://api.deepseek.com/chat/completions "HTTP/1.1 200 OK"
2026-03-10 23:16:32,176 [INFO] HTTP Request: POST https://api.deepseek.com/chat/completions "HTTP/1.1 200 OK"
2026-03-10 23:16:33,667 [INFO] HTTP Request: POST https://api.deepseek.com/chat/completions "HTTP/1.1 200 OK"
2026-03-10 23:16:35,138 [INFO] HTTP Request: POST https://api.deepseek.com/chat/completions "HTTP/1.1 200 OK"
2026-03-10 23:16:36,478 [INFO] HTTP Request: POST https://api.deepseek.com/chat/completions "HTTP/1.1 200 OK"
2026-03-10 23:16:38,066 [INFO] HTTP Request: POST https://api.deepseek.com/chat/completions "HTTP/1.1 200 OK"
2026-03-10 23:16:39,475 [INFO] HTTP Request: POST https://api.deepseek.com/chat/completions "HTTP/1.1 200 OK"
2026-03-10 23:16:41,122 [INFO] HTTP Request: POST https://api.deepseek.com/chat/completions "HTTP/1.1 200 OK"
2026-03-10 23:16:42,707 [INFO] HTTP Request: POST https://api.deepseek.com/chat/completions "HTTP/1.1 200 OK"
2026-03-10 23:16:43,747 [INFO] HTTP Request: POST https://api.deepseek.com/chat/completions "HTTP/1.1 200 OK"
2026-03-10 23:16:45,241 [INFO] HTTP Request: POST https://api.deepseek.com/chat/completions "HTTP/1.1 200 OK"
2026-03-10 23:16:46,430 [INFO] HTTP Request: POST https://api.deepseek.com/chat/completions "HTTP/1.1 200 OK"
2026-03-10 23:16:47,763 [INFO] HTTP Request: POST https://api.deepseek.com/chat/completions "HTTP/1.1 200 OK"
2026-03-10 23:16:49,218 [INFO]     game  1/10  first=baseline  →  direct wins  moves=7  228.1s
2026-03-10 23:16:50,131 [INFO] HTTP Request: POST https://api.deepseek.com/chat/completions "HTTP/1.1 200 OK"
2026-03-10 23:16:55,038 [INFO] HTTP Request: POST https://api.deepseek.com/chat/completions "HTTP/1.1 200 OK"
2026-03-10 23:16:56,327 [INFO] HTTP Request: POST https://api.deepseek.com/chat/completions "HTTP/1.1 200 OK"
2026-03-10 23:16:57,993 [INFO] HTTP Request: POST https://api.deepseek.com/chat/completions "HTTP/1.1 200 OK"
2026-03-10 23:16:59,396 [INFO] HTTP Request: POST https://api.deepseek.com/chat/completions "HTTP/1.1 200 OK"
2026-03-10 23:17:01,043 [INFO] HTTP Request: POST https://api.deepseek.com/chat/completions "HTTP/1.1 200 OK"
2026-03-10 23:17:02,339 [INFO] HTTP Request: POST https://api.deepseek.com/chat/completions "HTTP/1.1 200 OK"
2026-03-10 23:17:03,832 [INFO] HTTP Request: POST https://api.deepseek.com/chat/completions "HTTP/1.1 200 OK"
2026-03-10 23:17:05,348 [INFO] HTTP Request: POST https://api.deepseek.com/chat/completions "HTTP/1.1 200 OK"
2026-03-10 23:17:06,669 [INFO] HTTP Request: POST https://api.deepseek.com/chat/completions "HTTP/1.1 200 OK"
2026-03-10 23:17:08,220 [INFO] HTTP Request: POST https://api.deepseek.com/chat/completions "HTTP/1.1 200 OK"
2026-03-10 23:17:09,542 [INFO] HTTP Request: POST https://api.deepseek.com/chat/completions "HTTP/1.1 200 OK"
2026-03-10 23:17:10,963 [INFO] HTTP Request: POST https://api.deepseek.com/chat/completions "HTTP/1.1 200 OK"
2026-03-10 23:17:12,633 [INFO] HTTP Request: POST https://api.deepseek.com/chat/completions "HTTP/1.1 200 OK"
2026-03-10 23:17:13,490 [INFO] HTTP Request: POST https://api.deepseek.com/chat/completions "HTTP/1.1 200 OK"
2026-03-10 23:17:14,962 [INFO] HTTP Request: POST https://api.deepseek.com/chat/completions "HTTP/1.1 200 OK"
2026-03-10 23:17:16,367 [INFO] HTTP Request: POST https://api.deepseek.com/chat/completions "HTTP/1.1 200 OK"
2026-03-10 23:17:17,762 [INFO] HTTP Request: POST https://api.deepseek.com/chat/completions "HTTP/1.1 200 OK"
2026-03-10 23:17:19,042 [INFO] HTTP Request: POST https://api.deepseek.com/chat/completions "HTTP/1.1 200 OK"
2026-03-10 23:17:20,474 [INFO] HTTP Request: POST https://api.deepseek.com/chat/completions "HTTP/1.1 200 OK"
2026-03-10 23:17:21,490 [INFO] HTTP Request: POST https://api.deepseek.com/chat/completions "HTTP/1.1 200 OK"
2026-03-10 23:17:22,914 [INFO] HTTP Request: POST https://api.deepseek.com/chat/completions "HTTP/1.1 200 OK"
2026-03-10 23:17:24,336 [INFO] HTTP Request: POST https://api.deepseek.com/chat/completions "HTTP/1.1 200 OK"
2026-03-10 23:17:25,910 [INFO] HTTP Request: POST https://api.deepseek.com/chat/completions "HTTP/1.1 200 OK"
2026-03-10 23:17:30,953 [INFO] HTTP Request: POST https://api.deepseek.com/chat/completions "HTTP/1.1 200 OK"
2026-03-10 23:17:32,423 [INFO] HTTP Request: POST https://api.deepseek.com/chat/completions "HTTP/1.1 200 OK"
2026-03-10 23:17:33,758 [INFO] HTTP Request: POST https://api.deepseek.com/chat/completions "HTTP/1.1 200 OK"
2026-03-10 23:17:35,232 [INFO] HTTP Request: POST https://api.deepseek.com/chat/completions "HTTP/1.1 200 OK"
2026-03-10 23:17:36,417 [INFO] HTTP Request: POST https://api.deepseek.com/chat/completions "HTTP/1.1 200 OK"
2026-03-10 23:17:37,955 [INFO] HTTP Request: POST https://api.deepseek.com/chat/completions "HTTP/1.1 200 OK"
2026-03-10 23:17:39,286 [INFO] HTTP Request: POST https://api.deepseek.com/chat/completions "HTTP/1.1 200 OK"
2026-03-10 23:17:40,822 [INFO] HTTP Request: POST https://api.deepseek.com/chat/completions "HTTP/1.1 200 OK"
2026-03-10 23:17:41,948 [INFO] HTTP Request: POST https://api.deepseek.com/chat/completions "HTTP/1.1 200 OK"
2026-03-10 23:17:43,597 [INFO] HTTP Request: POST https://api.deepseek.com/chat/completions "HTTP/1.1 200 OK"
2026-03-10 23:17:44,871 [INFO] HTTP Request: POST https://api.deepseek.com/chat/completions "HTTP/1.1 200 OK"
2026-03-10 23:17:46,182 [INFO] HTTP Request: POST https://api.deepseek.com/chat/completions "HTTP/1.1 200 OK"
2026-03-10 23:17:47,490 [INFO] HTTP Request: POST https://api.deepseek.com/chat/completions "HTTP/1.1 200 OK"
2026-03-10 23:17:48,738 [INFO] HTTP Request: POST https://api.deepseek.com/chat/completions "HTTP/1.1 200 OK"
2026-03-10 23:17:50,258 [INFO] HTTP Request: POST https://api.deepseek.com/chat/completions "HTTP/1.1 200 OK"
2026-03-10 23:17:51,564 [INFO] HTTP Request: POST https://api.deepseek.com/chat/completions "HTTP/1.1 200 OK"
2026-03-10 23:17:52,883 [INFO] HTTP Request: POST https://api.deepseek.com/chat/completions "HTTP/1.1 200 OK"
2026-03-10 23:17:54,337 [INFO] HTTP Request: POST https://api.deepseek.com/chat/completions "HTTP/1.1 200 OK"
2026-03-10 23:17:55,962 [INFO] HTTP Request: POST https://api.deepseek.com/chat/completions "HTTP/1.1 200 OK"
2026-03-10 23:17:58,060 [INFO] HTTP Request: POST https://api.deepseek.com/chat/completions "HTTP/1.1 200 OK"
2026-03-10 23:17:59,652 [INFO] HTTP Request: POST https://api.deepseek.com/chat/completions "HTTP/1.1 200 OK"
2026-03-10 23:18:01,374 [INFO] HTTP Request: POST https://api.deepseek.com/chat/completions "HTTP/1.1 200 OK"
2026-03-10 23:18:02,504 [INFO] HTTP Request: POST https://api.deepseek.com/chat/completions "HTTP/1.1 200 OK"
2026-03-10 23:18:07,456 [INFO] HTTP Request: POST https://api.deepseek.com/chat/completions "HTTP/1.1 200 OK"
2026-03-10 23:18:08,916 [INFO] HTTP Request: POST https://api.deepseek.com/chat/completions "HTTP/1.1 200 OK"
2026-03-10 23:18:10,416 [INFO] HTTP Request: POST https://api.deepseek.com/chat/completions "HTTP/1.1 200 OK"
2026-03-10 23:18:11,800 [INFO] HTTP Request: POST https://api.deepseek.com/chat/completions "HTTP/1.1 200 OK"
2026-03-10 23:18:13,152 [INFO] HTTP Request: POST https://api.deepseek.com/chat/completions "HTTP/1.1 200 OK"
2026-03-10 23:18:14,327 [INFO] HTTP Request: POST https://api.deepseek.com/chat/completions "HTTP/1.1 200 OK"
2026-03-10 23:18:15,562 [INFO] HTTP Request: POST https://api.deepseek.com/chat/completions "HTTP/1.1 200 OK"
2026-03-10 23:18:17,113 [INFO] HTTP Request: POST https://api.deepseek.com/chat/completions "HTTP/1.1 200 OK"
2026-03-10 23:18:18,245 [INFO] HTTP Request: POST https://api.deepseek.com/chat/completions "HTTP/1.1 200 OK"
2026-03-10 23:18:19,725 [INFO] HTTP Request: POST https://api.deepseek.com/chat/completions "HTTP/1.1 200 OK"
2026-03-10 23:18:20,949 [INFO] HTTP Request: POST https://api.deepseek.com/chat/completions "HTTP/1.1 200 OK"
2026-03-10 23:18:22,132 [INFO] HTTP Request: POST https://api.deepseek.com/chat/completions "HTTP/1.1 200 OK"
2026-03-10 23:18:23,395 [INFO] HTTP Request: POST https://api.deepseek.com/chat/completions "HTTP/1.1 200 OK"
2026-03-10 23:18:24,857 [INFO] HTTP Request: POST https://api.deepseek.com/chat/completions "HTTP/1.1 200 OK"
2026-03-10 23:18:26,216 [INFO] HTTP Request: POST https://api.deepseek.com/chat/completions "HTTP/1.1 200 OK"
2026-03-10 23:18:27,453 [INFO] HTTP Request: POST https://api.deepseek.com/chat/completions "HTTP/1.1 200 OK"
2026-03-10 23:18:28,868 [INFO] HTTP Request: POST https://api.deepseek.com/chat/completions "HTTP/1.1 200 OK"
2026-03-10 23:18:30,476 [INFO] HTTP Request: POST https://api.deepseek.com/chat/completions "HTTP/1.1 200 OK"
2026-03-10 23:18:31,719 [INFO] HTTP Request: POST https://api.deepseek.com/chat/completions "HTTP/1.1 200 OK"
2026-03-10 23:18:33,072 [INFO] HTTP Request: POST https://api.deepseek.com/chat/completions "HTTP/1.1 200 OK"
2026-03-10 23:18:34,334 [INFO] HTTP Request: POST https://api.deepseek.com/chat/completions "HTTP/1.1 200 OK"
2026-03-10 23:18:35,578 [INFO] HTTP Request: POST https://api.deepseek.com/chat/completions "HTTP/1.1 200 OK"
2026-03-10 23:18:37,003 [INFO] HTTP Request: POST https://api.deepseek.com/chat/completions "HTTP/1.1 200 OK"
2026-03-10 23:18:38,489 [INFO] HTTP Request: POST https://api.deepseek.com/chat/completions "HTTP/1.1 200 OK"
2026-03-10 23:18:43,547 [INFO] HTTP Request: POST https://api.deepseek.com/chat/completions "HTTP/1.1 200 OK"
2026-03-10 23:18:45,184 [INFO] HTTP Request: POST https://api.deepseek.com/chat/completions "HTTP/1.1 200 OK"
2026-03-10 23:18:46,539 [INFO] HTTP Request: POST https://api.deepseek.com/chat/completions "HTTP/1.1 200 OK"
2026-03-10 23:18:48,074 [INFO] HTTP Request: POST https://api.deepseek.com/chat/completions "HTTP/1.1 200 OK"
2026-03-10 23:18:49,484 [INFO] HTTP Request: POST https://api.deepseek.com/chat/completions "HTTP/1.1 200 OK"
2026-03-10 23:18:51,001 [INFO] HTTP Request: POST https://api.deepseek.com/chat/completions "HTTP/1.1 200 OK"
2026-03-10 23:18:51,908 [INFO] HTTP Request: POST https://api.deepseek.com/chat/completions "HTTP/1.1 200 OK"
2026-03-10 23:18:52,989 [INFO] HTTP Request: POST https://api.deepseek.com/chat/completions "HTTP/1.1 200 OK"
2026-03-10 23:18:54,256 [INFO] HTTP Request: POST https://api.deepseek.com/chat/completions "HTTP/1.1 200 OK"
2026-03-10 23:18:55,887 [INFO] HTTP Request: POST https://api.deepseek.com/chat/completions "HTTP/1.1 200 OK"
2026-03-10 23:18:57,353 [INFO] HTTP Request: POST https://api.deepseek.com/chat/completions "HTTP/1.1 200 OK"
2026-03-10 23:18:58,931 [INFO] HTTP Request: POST https://api.deepseek.com/chat/completions "HTTP/1.1 200 OK"
2026-03-10 23:19:00,446 [INFO] HTTP Request: POST https://api.deepseek.com/chat/completions "HTTP/1.1 200 OK"
2026-03-10 23:19:01,924 [INFO] HTTP Request: POST https://api.deepseek.com/chat/completions "HTTP/1.1 200 OK"
2026-03-10 23:19:03,161 [INFO] HTTP Request: POST https://api.deepseek.com/chat/completions "HTTP/1.1 200 OK"
2026-03-10 23:19:04,611 [INFO] HTTP Request: POST https://api.deepseek.com/chat/completions "HTTP/1.1 200 OK"
2026-03-10 23:19:06,065 [INFO] HTTP Request: POST https://api.deepseek.com/chat/completions "HTTP/1.1 200 OK"
2026-03-10 23:19:07,513 [INFO] HTTP Request: POST https://api.deepseek.com/chat/completions "HTTP/1.1 200 OK"
2026-03-10 23:19:08,881 [INFO] HTTP Request: POST https://api.deepseek.com/chat/completions "HTTP/1.1 200 OK"
2026-03-10 23:19:10,391 [INFO] HTTP Request: POST https://api.deepseek.com/chat/completions "HTTP/1.1 200 OK"
2026-03-10 23:19:11,817 [INFO] HTTP Request: POST https://api.deepseek.com/chat/completions "HTTP/1.1 200 OK"
2026-03-10 23:19:13,309 [INFO] HTTP Request: POST https://api.deepseek.com/chat/completions "HTTP/1.1 200 OK"
2026-03-10 23:19:18,538 [INFO] HTTP Request: POST https://api.deepseek.com/chat/completions "HTTP/1.1 200 OK"
2026-03-10 23:19:20,067 [INFO] HTTP Request: POST https://api.deepseek.com/chat/completions "HTTP/1.1 200 OK"
2026-03-10 23:19:21,301 [INFO] HTTP Request: POST https://api.deepseek.com/chat/completions "HTTP/1.1 200 OK"
2026-03-10 23:19:22,789 [INFO] HTTP Request: POST https://api.deepseek.com/chat/completions "HTTP/1.1 200 OK"
2026-03-10 23:19:24,302 [INFO] HTTP Request: POST https://api.deepseek.com/chat/completions "HTTP/1.1 200 OK"
2026-03-10 23:19:25,912 [INFO] HTTP Request: POST https://api.deepseek.com/chat/completions "HTTP/1.1 200 OK"
2026-03-10 23:19:27,432 [INFO] HTTP Request: POST https://api.deepseek.com/chat/completions "HTTP/1.1 200 OK"
2026-03-10 23:19:28,720 [INFO] HTTP Request: POST https://api.deepseek.com/chat/completions "HTTP/1.1 200 OK"
2026-03-10 23:19:30,171 [INFO] HTTP Request: POST https://api.deepseek.com/chat/completions "HTTP/1.1 200 OK"
2026-03-10 23:19:31,636 [INFO] HTTP Request: POST https://api.deepseek.com/chat/completions "HTTP/1.1 200 OK"
2026-03-10 23:19:33,151 [INFO] HTTP Request: POST https://api.deepseek.com/chat/completions "HTTP/1.1 200 OK"
2026-03-10 23:19:34,392 [INFO] HTTP Request: POST https://api.deepseek.com/chat/completions "HTTP/1.1 200 OK"
2026-03-10 23:19:35,555 [INFO] HTTP Request: POST https://api.deepseek.com/chat/completions "HTTP/1.1 200 OK"
2026-03-10 23:19:36,930 [INFO] HTTP Request: POST https://api.deepseek.com/chat/completions "HTTP/1.1 200 OK"
2026-03-10 23:19:38,193 [INFO] HTTP Request: POST https://api.deepseek.com/chat/completions "HTTP/1.1 200 OK"
2026-03-10 23:19:39,636 [INFO] HTTP Request: POST https://api.deepseek.com/chat/completions "HTTP/1.1 200 OK"
2026-03-10 23:19:40,856 [INFO] HTTP Request: POST https://api.deepseek.com/chat/completions "HTTP/1.1 200 OK"
2026-03-10 23:19:42,289 [INFO] HTTP Request: POST https://api.deepseek.com/chat/completions "HTTP/1.1 200 OK"
2026-03-10 23:19:43,583 [INFO] HTTP Request: POST https://api.deepseek.com/chat/completions "HTTP/1.1 200 OK"
2026-03-10 23:19:44,756 [INFO] HTTP Request: POST https://api.deepseek.com/chat/completions "HTTP/1.1 200 OK"
2026-03-10 23:19:46,201 [INFO] HTTP Request: POST https://api.deepseek.com/chat/completions "HTTP/1.1 200 OK"
2026-03-10 23:19:47,613 [INFO] HTTP Request: POST https://api.deepseek.com/chat/completions "HTTP/1.1 200 OK"
2026-03-10 23:19:49,044 [INFO] HTTP Request: POST https://api.deepseek.com/chat/completions "HTTP/1.1 200 OK"
2026-03-10 23:19:54,067 [INFO] HTTP Request: POST https://api.deepseek.com/chat/completions "HTTP/1.1 200 OK"
2026-03-10 23:19:55,253 [INFO] HTTP Request: POST https://api.deepseek.com/chat/completions "HTTP/1.1 200 OK"
2026-03-10 23:19:56,620 [INFO] HTTP Request: POST https://api.deepseek.com/chat/completions "HTTP/1.1 200 OK"
2026-03-10 23:19:57,901 [INFO] HTTP Request: POST https://api.deepseek.com/chat/completions "HTTP/1.1 200 OK"
2026-03-10 23:19:59,255 [INFO] HTTP Request: POST https://api.deepseek.com/chat/completions "HTTP/1.1 200 OK"
2026-03-10 23:20:00,768 [INFO] HTTP Request: POST https://api.deepseek.com/chat/completions "HTTP/1.1 200 OK"
2026-03-10 23:20:02,245 [INFO] HTTP Request: POST https://api.deepseek.com/chat/completions "HTTP/1.1 200 OK"
2026-03-10 23:20:03,558 [INFO] HTTP Request: POST https://api.deepseek.com/chat/completions "HTTP/1.1 200 OK"
2026-03-10 23:20:05,339 [INFO] HTTP Request: POST https://api.deepseek.com/chat/completions "HTTP/1.1 200 OK"
2026-03-10 23:20:06,904 [INFO] HTTP Request: POST https://api.deepseek.com/chat/completions "HTTP/1.1 200 OK"
2026-03-10 23:20:08,382 [INFO] HTTP Request: POST https://api.deepseek.com/chat/completions "HTTP/1.1 200 OK"
2026-03-10 23:20:09,471 [INFO]     game  2/10  first=direct    →  baseline wins  moves=7  200.3s
2026-03-10 23:20:09,765 [INFO] HTTP Request: POST https://api.deepseek.com/chat/completions "HTTP/1.1 200 OK"
2026-03-10 23:20:11,298 [INFO] HTTP Request: POST https://api.deepseek.com/chat/completions "HTTP/1.1 200 OK"
2026-03-10 23:20:12,822 [INFO] HTTP Request: POST https://api.deepseek.com/chat/completions "HTTP/1.1 200 OK"
2026-03-10 23:20:14,315 [INFO] HTTP Request: POST https://api.deepseek.com/chat/completions "HTTP/1.1 200 OK"
2026-03-10 23:20:15,684 [INFO] HTTP Request: POST https://api.deepseek.com/chat/completions "HTTP/1.1 200 OK"
2026-03-10 23:20:17,231 [INFO] HTTP Request: POST https://api.deepseek.com/chat/completions "HTTP/1.1 200 OK"
2026-03-10 23:20:18,594 [INFO] HTTP Request: POST https://api.deepseek.com/chat/completions "HTTP/1.1 200 OK"
2026-03-10 23:20:20,097 [INFO] HTTP Request: POST https://api.deepseek.com/chat/completions "HTTP/1.1 200 OK"
2026-03-10 23:20:21,427 [INFO] HTTP Request: POST https://api.deepseek.com/chat/completions "HTTP/1.1 200 OK"
2026-03-10 23:20:22,745 [INFO] HTTP Request: POST https://api.deepseek.com/chat/completions "HTTP/1.1 200 OK"
2026-03-10 23:20:24,273 [INFO] HTTP Request: POST https://api.deepseek.com/chat/completions "HTTP/1.1 200 OK"
2026-03-10 23:20:25,515 [INFO] HTTP Request: POST https://api.deepseek.com/chat/completions "HTTP/1.1 200 OK"
2026-03-10 23:20:30,345 [INFO] HTTP Request: POST https://api.deepseek.com/chat/completions "HTTP/1.1 200 OK"
2026-03-10 23:20:31,663 [INFO] HTTP Request: POST https://api.deepseek.com/chat/completions "HTTP/1.1 200 OK"
2026-03-10 23:20:32,658 [INFO] HTTP Request: POST https://api.deepseek.com/chat/completions "HTTP/1.1 200 OK"
2026-03-10 23:20:33,929 [INFO] HTTP Request: POST https://api.deepseek.com/chat/completions "HTTP/1.1 200 OK"
2026-03-10 23:20:35,158 [INFO] HTTP Request: POST https://api.deepseek.com/chat/completions "HTTP/1.1 200 OK"
2026-03-10 23:20:36,425 [INFO] HTTP Request: POST https://api.deepseek.com/chat/completions "HTTP/1.1 200 OK"
2026-03-10 23:20:37,994 [INFO] HTTP Request: POST https://api.deepseek.com/chat/completions "HTTP/1.1 200 OK"
2026-03-10 23:20:39,430 [INFO] HTTP Request: POST https://api.deepseek.com/chat/completions "HTTP/1.1 200 OK"
2026-03-10 23:20:40,926 [INFO] HTTP Request: POST https://api.deepseek.com/chat/completions "HTTP/1.1 200 OK"
2026-03-10 23:20:42,474 [INFO] HTTP Request: POST https://api.deepseek.com/chat/completions "HTTP/1.1 200 OK"
2026-03-10 23:20:43,896 [INFO] HTTP Request: POST https://api.deepseek.com/chat/completions "HTTP/1.1 200 OK"
2026-03-10 23:20:45,375 [INFO] HTTP Request: POST https://api.deepseek.com/chat/completions "HTTP/1.1 200 OK"
2026-03-10 23:20:46,628 [INFO] HTTP Request: POST https://api.deepseek.com/chat/completions "HTTP/1.1 200 OK"
2026-03-10 23:20:47,826 [INFO] HTTP Request: POST https://api.deepseek.com/chat/completions "HTTP/1.1 200 OK"
2026-03-10 23:20:49,379 [INFO] HTTP Request: POST https://api.deepseek.com/chat/completions "HTTP/1.1 200 OK"
2026-03-10 23:20:50,894 [INFO] HTTP Request: POST https://api.deepseek.com/chat/completions "HTTP/1.1 200 OK"
2026-03-10 23:20:52,261 [INFO] HTTP Request: POST https://api.deepseek.com/chat/completions "HTTP/1.1 200 OK"
2026-03-10 23:20:53,657 [INFO] HTTP Request: POST https://api.deepseek.com/chat/completions "HTTP/1.1 200 OK"
2026-03-10 23:20:55,040 [INFO] HTTP Request: POST https://api.deepseek.com/chat/completions "HTTP/1.1 200 OK"
2026-03-10 23:20:56,474 [INFO] HTTP Request: POST https://api.deepseek.com/chat/completions "HTTP/1.1 200 OK"
2026-03-10 23:20:57,965 [INFO] HTTP Request: POST https://api.deepseek.com/chat/completions "HTTP/1.1 200 OK"
2026-03-10 23:20:59,447 [INFO] HTTP Request: POST https://api.deepseek.com/chat/completions "HTTP/1.1 200 OK"
2026-03-10 23:21:00,986 [INFO] HTTP Request: POST https://api.deepseek.com/chat/completions "HTTP/1.1 200 OK"
2026-03-10 23:21:06,082 [INFO] HTTP Request: POST https://api.deepseek.com/chat/completions "HTTP/1.1 200 OK"
2026-03-10 23:21:07,656 [INFO] HTTP Request: POST https://api.deepseek.com/chat/completions "HTTP/1.1 200 OK"
2026-03-10 23:21:09,255 [INFO] HTTP Request: POST https://api.deepseek.com/chat/completions "HTTP/1.1 200 OK"
2026-03-10 23:21:10,534 [INFO] HTTP Request: POST https://api.deepseek.com/chat/completions "HTTP/1.1 200 OK"
2026-03-10 23:21:11,839 [INFO] HTTP Request: POST https://api.deepseek.com/chat/completions "HTTP/1.1 200 OK"
2026-03-10 23:21:13,779 [INFO] HTTP Request: POST https://api.deepseek.com/chat/completions "HTTP/1.1 200 OK"
2026-03-10 23:21:15,173 [INFO] HTTP Request: POST https://api.deepseek.com/chat/completions "HTTP/1.1 200 OK"
2026-03-10 23:21:16,616 [INFO] HTTP Request: POST https://api.deepseek.com/chat/completions "HTTP/1.1 200 OK"
2026-03-10 23:21:18,172 [INFO] HTTP Request: POST https://api.deepseek.com/chat/completions "HTTP/1.1 200 OK"
2026-03-10 23:21:19,573 [INFO] HTTP Request: POST https://api.deepseek.com/chat/completions "HTTP/1.1 200 OK"
2026-03-10 23:21:21,072 [INFO] HTTP Request: POST https://api.deepseek.com/chat/completions "HTTP/1.1 200 OK"
2026-03-10 23:21:22,764 [INFO] HTTP Request: POST https://api.deepseek.com/chat/completions "HTTP/1.1 200 OK"
2026-03-10 23:21:23,882 [INFO] HTTP Request: POST https://api.deepseek.com/chat/completions "HTTP/1.1 200 OK"
2026-03-10 23:21:25,339 [INFO] HTTP Request: POST https://api.deepseek.com/chat/completions "HTTP/1.1 200 OK"
2026-03-10 23:21:26,318 [INFO] HTTP Request: POST https://api.deepseek.com/chat/completions "HTTP/1.1 200 OK"
2026-03-10 23:21:27,862 [INFO] HTTP Request: POST https://api.deepseek.com/chat/completions "HTTP/1.1 200 OK"
2026-03-10 23:21:29,649 [INFO] HTTP Request: POST https://api.deepseek.com/chat/completions "HTTP/1.1 200 OK"
2026-03-10 23:21:30,874 [INFO] HTTP Request: POST https://api.deepseek.com/chat/completions "HTTP/1.1 200 OK"
2026-03-10 23:21:32,186 [INFO] HTTP Request: POST https://api.deepseek.com/chat/completions "HTTP/1.1 200 OK"
2026-03-10 23:21:33,685 [INFO] HTTP Request: POST https://api.deepseek.com/chat/completions "HTTP/1.1 200 OK"
2026-03-10 23:21:34,923 [INFO] HTTP Request: POST https://api.deepseek.com/chat/completions "HTTP/1.1 200 OK"
2026-03-10 23:21:36,412 [INFO] HTTP Request: POST https://api.deepseek.com/chat/completions "HTTP/1.1 200 OK"
2026-03-10 23:21:41,627 [INFO] HTTP Request: POST https://api.deepseek.com/chat/completions "HTTP/1.1 200 OK"
2026-03-10 23:21:43,274 [INFO] HTTP Request: POST https://api.deepseek.com/chat/completions "HTTP/1.1 200 OK"
2026-03-10 23:21:44,760 [INFO] HTTP Request: POST https://api.deepseek.com/chat/completions "HTTP/1.1 200 OK"
2026-03-10 23:21:46,237 [INFO] HTTP Request: POST https://api.deepseek.com/chat/completions "HTTP/1.1 200 OK"
2026-03-10 23:21:47,886 [INFO] HTTP Request: POST https://api.deepseek.com/chat/completions "HTTP/1.1 200 OK"
2026-03-10 23:21:49,252 [INFO] HTTP Request: POST https://api.deepseek.com/chat/completions "HTTP/1.1 200 OK"
2026-03-10 23:21:50,593 [INFO] HTTP Request: POST https://api.deepseek.com/chat/completions "HTTP/1.1 200 OK"
2026-03-10 23:21:52,344 [INFO] HTTP Request: POST https://api.deepseek.com/chat/completions "HTTP/1.1 200 OK"
2026-03-10 23:21:53,824 [INFO] HTTP Request: POST https://api.deepseek.com/chat/completions "HTTP/1.1 200 OK"
2026-03-10 23:21:55,234 [INFO] HTTP Request: POST https://api.deepseek.com/chat/completions "HTTP/1.1 200 OK"
2026-03-10 23:21:56,549 [INFO] HTTP Request: POST https://api.deepseek.com/chat/completions "HTTP/1.1 200 OK"
2026-03-10 23:21:57,997 [INFO] HTTP Request: POST https://api.deepseek.com/chat/completions "HTTP/1.1 200 OK"
2026-03-10 23:21:59,497 [INFO] HTTP Request: POST https://api.deepseek.com/chat/completions "HTTP/1.1 200 OK"
2026-03-10 23:22:00,885 [INFO] HTTP Request: POST https://api.deepseek.com/chat/completions "HTTP/1.1 200 OK"
2026-03-10 23:22:02,141 [INFO] HTTP Request: POST https://api.deepseek.com/chat/completions "HTTP/1.1 200 OK"
2026-03-10 23:22:03,415 [INFO] HTTP Request: POST https://api.deepseek.com/chat/completions "HTTP/1.1 200 OK"
2026-03-10 23:22:05,061 [INFO] HTTP Request: POST https://api.deepseek.com/chat/completions "HTTP/1.1 200 OK"
2026-03-10 23:22:06,554 [INFO] HTTP Request: POST https://api.deepseek.com/chat/completions "HTTP/1.1 200 OK"
2026-03-10 23:22:07,740 [INFO] HTTP Request: POST https://api.deepseek.com/chat/completions "HTTP/1.1 200 OK"
2026-03-10 23:22:09,269 [INFO] HTTP Request: POST https://api.deepseek.com/chat/completions "HTTP/1.1 200 OK"
2026-03-10 23:22:10,786 [INFO] HTTP Request: POST https://api.deepseek.com/chat/completions "HTTP/1.1 200 OK"
2026-03-10 23:22:11,967 [INFO] HTTP Request: POST https://api.deepseek.com/chat/completions "HTTP/1.1 200 OK"
2026-03-10 23:22:13,414 [INFO] HTTP Request: POST https://api.deepseek.com/chat/completions "HTTP/1.1 200 OK"
2026-03-10 23:22:18,556 [INFO] HTTP Request: POST https://api.deepseek.com/chat/completions "HTTP/1.1 200 OK"
2026-03-10 23:22:19,861 [INFO] HTTP Request: POST https://api.deepseek.com/chat/completions "HTTP/1.1 200 OK"
2026-03-10 23:22:21,183 [INFO] HTTP Request: POST https://api.deepseek.com/chat/completions "HTTP/1.1 200 OK"
2026-03-10 23:22:22,461 [INFO] HTTP Request: POST https://api.deepseek.com/chat/completions "HTTP/1.1 200 OK"
2026-03-10 23:22:23,621 [INFO] HTTP Request: POST https://api.deepseek.com/chat/completions "HTTP/1.1 200 OK"
2026-03-10 23:22:24,867 [INFO] HTTP Request: POST https://api.deepseek.com/chat/completions "HTTP/1.1 200 OK"
2026-03-10 23:22:26,493 [INFO] HTTP Request: POST https://api.deepseek.com/chat/completions "HTTP/1.1 200 OK"
2026-03-10 23:22:27,658 [INFO] HTTP Request: POST https://api.deepseek.com/chat/completions "HTTP/1.1 200 OK"
2026-03-10 23:22:29,218 [INFO] HTTP Request: POST https://api.deepseek.com/chat/completions "HTTP/1.1 200 OK"
2026-03-10 23:22:30,435 [INFO] HTTP Request: POST https://api.deepseek.com/chat/completions "HTTP/1.1 200 OK"
2026-03-10 23:22:32,370 [INFO] HTTP Request: POST https://api.deepseek.com/chat/completions "HTTP/1.1 200 OK"
2026-03-10 23:22:33,663 [INFO] HTTP Request: POST https://api.deepseek.com/chat/completions "HTTP/1.1 200 OK"
2026-03-10 23:22:34,818 [INFO] HTTP Request: POST https://api.deepseek.com/chat/completions "HTTP/1.1 200 OK"
2026-03-10 23:22:36,406 [INFO] HTTP Request: POST https://api.deepseek.com/chat/completions "HTTP/1.1 200 OK"
2026-03-10 23:22:37,778 [INFO] HTTP Request: POST https://api.deepseek.com/chat/completions "HTTP/1.1 200 OK"
2026-03-10 23:22:39,142 [INFO] HTTP Request: POST https://api.deepseek.com/chat/completions "HTTP/1.1 200 OK"
2026-03-10 23:22:40,699 [INFO] HTTP Request: POST https://api.deepseek.com/chat/completions "HTTP/1.1 200 OK"
2026-03-10 23:22:41,904 [INFO] HTTP Request: POST https://api.deepseek.com/chat/completions "HTTP/1.1 200 OK"
2026-03-10 23:22:43,242 [INFO] HTTP Request: POST https://api.deepseek.com/chat/completions "HTTP/1.1 200 OK"
2026-03-10 23:22:44,340 [INFO] HTTP Request: POST https://api.deepseek.com/chat/completions "HTTP/1.1 200 OK"
2026-03-10 23:22:45,644 [INFO] HTTP Request: POST https://api.deepseek.com/chat/completions "HTTP/1.1 200 OK"
2026-03-10 23:22:46,932 [INFO] HTTP Request: POST https://api.deepseek.com/chat/completions "HTTP/1.1 200 OK"
2026-03-10 23:22:48,211 [INFO] HTTP Request: POST https://api.deepseek.com/chat/completions "HTTP/1.1 200 OK"
2026-03-10 23:22:53,306 [INFO] HTTP Request: POST https://api.deepseek.com/chat/completions "HTTP/1.1 200 OK"
2026-03-10 23:22:54,698 [INFO] HTTP Request: POST https://api.deepseek.com/chat/completions "HTTP/1.1 200 OK"
2026-03-10 23:22:56,170 [INFO] HTTP Request: POST https://api.deepseek.com/chat/completions "HTTP/1.1 200 OK"
2026-03-10 23:22:57,627 [INFO] HTTP Request: POST https://api.deepseek.com/chat/completions "HTTP/1.1 200 OK"
2026-03-10 23:22:59,009 [INFO] HTTP Request: POST https://api.deepseek.com/chat/completions "HTTP/1.1 200 OK"
2026-03-10 23:23:00,636 [INFO] HTTP Request: POST https://api.deepseek.com/chat/completions "HTTP/1.1 200 OK"
2026-03-10 23:23:02,041 [INFO] HTTP Request: POST https://api.deepseek.com/chat/completions "HTTP/1.1 200 OK"
2026-03-10 23:23:03,564 [INFO] HTTP Request: POST https://api.deepseek.com/chat/completions "HTTP/1.1 200 OK"
2026-03-10 23:23:05,105 [INFO] HTTP Request: POST https://api.deepseek.com/chat/completions "HTTP/1.1 200 OK"
2026-03-10 23:23:06,314 [INFO] HTTP Request: POST https://api.deepseek.com/chat/completions "HTTP/1.1 200 OK"
2026-03-10 23:23:07,637 [INFO] HTTP Request: POST https://api.deepseek.com/chat/completions "HTTP/1.1 200 OK"
2026-03-10 23:23:09,169 [INFO] HTTP Request: POST https://api.deepseek.com/chat/completions "HTTP/1.1 200 OK"
2026-03-10 23:23:10,539 [INFO] HTTP Request: POST https://api.deepseek.com/chat/completions "HTTP/1.1 200 OK"
2026-03-10 23:23:12,098 [INFO] HTTP Request: POST https://api.deepseek.com/chat/completions "HTTP/1.1 200 OK"
2026-03-10 23:23:13,555 [INFO] HTTP Request: POST https://api.deepseek.com/chat/completions "HTTP/1.1 200 OK"
2026-03-10 23:23:14,990 [INFO] HTTP Request: POST https://api.deepseek.com/chat/completions "HTTP/1.1 200 OK"
2026-03-10 23:23:16,501 [INFO] HTTP Request: POST https://api.deepseek.com/chat/completions "HTTP/1.1 200 OK"
2026-03-10 23:23:17,817 [INFO] HTTP Request: POST https://api.deepseek.com/chat/completions "HTTP/1.1 200 OK"
2026-03-10 23:23:19,247 [INFO] HTTP Request: POST https://api.deepseek.com/chat/completions "HTTP/1.1 200 OK"
2026-03-10 23:23:20,952 [INFO] HTTP Request: POST https://api.deepseek.com/chat/completions "HTTP/1.1 200 OK"
2026-03-10 23:23:22,434 [INFO] HTTP Request: POST https://api.deepseek.com/chat/completions "HTTP/1.1 200 OK"
2026-03-10 23:23:23,939 [INFO] HTTP Request: POST https://api.deepseek.com/chat/completions "HTTP/1.1 200 OK"
2026-03-10 23:23:29,086 [INFO] HTTP Request: POST https://api.deepseek.com/chat/completions "HTTP/1.1 200 OK"
2026-03-10 23:23:30,685 [INFO] HTTP Request: POST https://api.deepseek.com/chat/completions "HTTP/1.1 200 OK"
2026-03-10 23:23:31,889 [INFO] HTTP Request: POST https://api.deepseek.com/chat/completions "HTTP/1.1 200 OK"
2026-03-10 23:23:33,411 [INFO] HTTP Request: POST https://api.deepseek.com/chat/completions "HTTP/1.1 200 OK"
2026-03-10 23:23:35,044 [INFO] HTTP Request: POST https://api.deepseek.com/chat/completions "HTTP/1.1 200 OK"
2026-03-10 23:23:36,234 [INFO] HTTP Request: POST https://api.deepseek.com/chat/completions "HTTP/1.1 200 OK"
2026-03-10 23:23:37,856 [INFO] HTTP Request: POST https://api.deepseek.com/chat/completions "HTTP/1.1 200 OK"
2026-03-10 23:23:39,327 [INFO] HTTP Request: POST https://api.deepseek.com/chat/completions "HTTP/1.1 200 OK"
2026-03-10 23:23:40,915 [INFO] HTTP Request: POST https://api.deepseek.com/chat/completions "HTTP/1.1 200 OK"
2026-03-10 23:23:42,569 [INFO] HTTP Request: POST https://api.deepseek.com/chat/completions "HTTP/1.1 200 OK"
2026-03-10 23:23:44,149 [INFO] HTTP Request: POST https://api.deepseek.com/chat/completions "HTTP/1.1 200 OK"
2026-03-10 23:23:45,612 [INFO] HTTP Request: POST https://api.deepseek.com/chat/completions "HTTP/1.1 200 OK"
2026-03-10 23:23:47,037 [INFO] HTTP Request: POST https://api.deepseek.com/chat/completions "HTTP/1.1 200 OK"
2026-03-10 23:23:48,410 [INFO] HTTP Request: POST https://api.deepseek.com/chat/completions "HTTP/1.1 200 OK"
2026-03-10 23:23:49,614 [INFO] HTTP Request: POST https://api.deepseek.com/chat/completions "HTTP/1.1 200 OK"
2026-03-10 23:23:51,180 [INFO] HTTP Request: POST https://api.deepseek.com/chat/completions "HTTP/1.1 200 OK"
2026-03-10 23:23:52,430 [INFO] HTTP Request: POST https://api.deepseek.com/chat/completions "HTTP/1.1 200 OK"
2026-03-10 23:23:53,749 [INFO] HTTP Request: POST https://api.deepseek.com/chat/completions "HTTP/1.1 200 OK"
2026-03-10 23:23:54,935 [INFO] HTTP Request: POST https://api.deepseek.com/chat/completions "HTTP/1.1 200 OK"
2026-03-10 23:23:56,484 [INFO] HTTP Request: POST https://api.deepseek.com/chat/completions "HTTP/1.1 200 OK"
2026-03-10 23:23:57,607 [INFO] HTTP Request: POST https://api.deepseek.com/chat/completions "HTTP/1.1 200 OK"
2026-03-10 23:23:58,933 [INFO] HTTP Request: POST https://api.deepseek.com/chat/completions "HTTP/1.1 200 OK"
2026-03-10 23:24:00,499 [INFO] HTTP Request: POST https://api.deepseek.com/chat/completions "HTTP/1.1 200 OK"
2026-03-10 23:24:05,585 [INFO] HTTP Request: POST https://api.deepseek.com/chat/completions "HTTP/1.1 200 OK"
2026-03-10 23:24:07,042 [INFO] HTTP Request: POST https://api.deepseek.com/chat/completions "HTTP/1.1 200 OK"
2026-03-10 23:24:08,587 [INFO] HTTP Request: POST https://api.deepseek.com/chat/completions "HTTP/1.1 200 OK"
2026-03-10 23:24:09,837 [INFO] HTTP Request: POST https://api.deepseek.com/chat/completions "HTTP/1.1 200 OK"
2026-03-10 23:24:11,171 [INFO] HTTP Request: POST https://api.deepseek.com/chat/completions "HTTP/1.1 200 OK"
2026-03-10 23:24:12,547 [INFO] HTTP Request: POST https://api.deepseek.com/chat/completions "HTTP/1.1 200 OK"
2026-03-10 23:24:14,025 [INFO] HTTP Request: POST https://api.deepseek.com/chat/completions "HTTP/1.1 200 OK"
2026-03-10 23:24:15,352 [INFO] HTTP Request: POST https://api.deepseek.com/chat/completions "HTTP/1.1 200 OK"
2026-03-10 23:24:16,626 [INFO] HTTP Request: POST https://api.deepseek.com/chat/completions "HTTP/1.1 200 OK"
2026-03-10 23:24:18,118 [INFO] HTTP Request: POST https://api.deepseek.com/chat/completions "HTTP/1.1 200 OK"
2026-03-10 23:24:19,473 [INFO] HTTP Request: POST https://api.deepseek.com/chat/completions "HTTP/1.1 200 OK"
2026-03-10 23:24:20,668 [INFO] HTTP Request: POST https://api.deepseek.com/chat/completions "HTTP/1.1 200 OK"
2026-03-10 23:24:21,882 [INFO] HTTP Request: POST https://api.deepseek.com/chat/completions "HTTP/1.1 200 OK"
2026-03-10 23:24:23,219 [INFO] HTTP Request: POST https://api.deepseek.com/chat/completions "HTTP/1.1 200 OK"
2026-03-10 23:24:24,580 [INFO] HTTP Request: POST https://api.deepseek.com/chat/completions "HTTP/1.1 200 OK"
2026-03-10 23:24:25,997 [INFO] HTTP Request: POST https://api.deepseek.com/chat/completions "HTTP/1.1 200 OK"
2026-03-10 23:24:27,459 [INFO] HTTP Request: POST https://api.deepseek.com/chat/completions "HTTP/1.1 200 OK"
2026-03-10 23:24:28,740 [INFO] HTTP Request: POST https://api.deepseek.com/chat/completions "HTTP/1.1 200 OK"
2026-03-10 23:24:30,257 [INFO] HTTP Request: POST https://api.deepseek.com/chat/completions "HTTP/1.1 200 OK"
2026-03-10 23:24:31,675 [INFO] HTTP Request: POST https://api.deepseek.com/chat/completions "HTTP/1.1 200 OK"
2026-03-10 23:24:32,931 [INFO] HTTP Request: POST https://api.deepseek.com/chat/completions "HTTP/1.1 200 OK"
2026-03-10 23:24:34,340 [INFO] HTTP Request: POST https://api.deepseek.com/chat/completions "HTTP/1.1 200 OK"
2026-03-10 23:24:35,986 [INFO] HTTP Request: POST https://api.deepseek.com/chat/completions "HTTP/1.1 200 OK"
2026-03-10 23:24:41,134 [INFO] HTTP Request: POST https://api.deepseek.com/chat/completions "HTTP/1.1 200 OK"
2026-03-10 23:24:42,566 [INFO] HTTP Request: POST https://api.deepseek.com/chat/completions "HTTP/1.1 200 OK"
2026-03-10 23:24:44,184 [INFO] HTTP Request: POST https://api.deepseek.com/chat/completions "HTTP/1.1 200 OK"
2026-03-10 23:24:45,464 [INFO] HTTP Request: POST https://api.deepseek.com/chat/completions "HTTP/1.1 200 OK"
2026-03-10 23:24:46,819 [INFO] HTTP Request: POST https://api.deepseek.com/chat/completions "HTTP/1.1 200 OK"
2026-03-10 23:24:48,351 [INFO] HTTP Request: POST https://api.deepseek.com/chat/completions "HTTP/1.1 200 OK"
2026-03-10 23:24:49,884 [INFO] HTTP Request: POST https://api.deepseek.com/chat/completions "HTTP/1.1 200 OK"
2026-03-10 23:24:51,384 [INFO] HTTP Request: POST https://api.deepseek.com/chat/completions "HTTP/1.1 200 OK"
2026-03-10 23:24:53,133 [INFO] HTTP Request: POST https://api.deepseek.com/chat/completions "HTTP/1.1 200 OK"
2026-03-10 23:24:54,693 [INFO] HTTP Request: POST https://api.deepseek.com/chat/completions "HTTP/1.1 200 OK"
2026-03-10 23:24:56,239 [INFO] HTTP Request: POST https://api.deepseek.com/chat/completions "HTTP/1.1 200 OK"
2026-03-10 23:24:57,943 [INFO] HTTP Request: POST https://api.deepseek.com/chat/completions "HTTP/1.1 200 OK"
2026-03-10 23:24:59,041 [INFO] HTTP Request: POST https://api.deepseek.com/chat/completions "HTTP/1.1 200 OK"
2026-03-10 23:25:00,618 [INFO] HTTP Request: POST https://api.deepseek.com/chat/completions "HTTP/1.1 200 OK"
2026-03-10 23:25:02,219 [INFO] HTTP Request: POST https://api.deepseek.com/chat/completions "HTTP/1.1 200 OK"
2026-03-10 23:25:03,771 [INFO] HTTP Request: POST https://api.deepseek.com/chat/completions "HTTP/1.1 200 OK"
2026-03-10 23:25:05,266 [INFO] HTTP Request: POST https://api.deepseek.com/chat/completions "HTTP/1.1 200 OK"
2026-03-10 23:25:06,522 [INFO] HTTP Request: POST https://api.deepseek.com/chat/completions "HTTP/1.1 200 OK"
2026-03-10 23:25:08,022 [INFO] HTTP Request: POST https://api.deepseek.com/chat/completions "HTTP/1.1 200 OK"
2026-03-10 23:25:09,379 [INFO] HTTP Request: POST https://api.deepseek.com/chat/completions "HTTP/1.1 200 OK"
2026-03-10 23:25:10,692 [INFO] HTTP Request: POST https://api.deepseek.com/chat/completions "HTTP/1.1 200 OK"
2026-03-10 23:25:12,145 [INFO] HTTP Request: POST https://api.deepseek.com/chat/completions "HTTP/1.1 200 OK"
2026-03-10 23:25:16,972 [INFO] HTTP Request: POST https://api.deepseek.com/chat/completions "HTTP/1.1 200 OK"
2026-03-10 23:25:18,274 [INFO] HTTP Request: POST https://api.deepseek.com/chat/completions "HTTP/1.1 200 OK"
2026-03-10 23:25:19,500 [INFO] HTTP Request: POST https://api.deepseek.com/chat/completions "HTTP/1.1 200 OK"
2026-03-10 23:25:20,677 [INFO] HTTP Request: POST https://api.deepseek.com/chat/completions "HTTP/1.1 200 OK"
2026-03-10 23:25:21,955 [INFO] HTTP Request: POST https://api.deepseek.com/chat/completions "HTTP/1.1 200 OK"
2026-03-10 23:25:23,409 [INFO] HTTP Request: POST https://api.deepseek.com/chat/completions "HTTP/1.1 200 OK"
2026-03-10 23:25:24,954 [INFO] HTTP Request: POST https://api.deepseek.com/chat/completions "HTTP/1.1 200 OK"
2026-03-10 23:25:26,466 [INFO] HTTP Request: POST https://api.deepseek.com/chat/completions "HTTP/1.1 200 OK"
2026-03-10 23:25:27,834 [INFO] HTTP Request: POST https://api.deepseek.com/chat/completions "HTTP/1.1 200 OK"
2026-03-10 23:25:29,439 [INFO] HTTP Request: POST https://api.deepseek.com/chat/completions "HTTP/1.1 200 OK"
2026-03-10 23:25:31,090 [INFO] HTTP Request: POST https://api.deepseek.com/chat/completions "HTTP/1.1 200 OK"
2026-03-10 23:25:32,474 [INFO] HTTP Request: POST https://api.deepseek.com/chat/completions "HTTP/1.1 200 OK"
2026-03-10 23:25:34,100 [INFO] HTTP Request: POST https://api.deepseek.com/chat/completions "HTTP/1.1 200 OK"
2026-03-10 23:25:35,748 [INFO] HTTP Request: POST https://api.deepseek.com/chat/completions "HTTP/1.1 200 OK"
2026-03-10 23:25:37,302 [INFO] HTTP Request: POST https://api.deepseek.com/chat/completions "HTTP/1.1 200 OK"
2026-03-10 23:25:38,828 [INFO] HTTP Request: POST https://api.deepseek.com/chat/completions "HTTP/1.1 200 OK"
2026-03-10 23:25:40,226 [INFO] HTTP Request: POST https://api.deepseek.com/chat/completions "HTTP/1.1 200 OK"
2026-03-10 23:25:41,521 [INFO] HTTP Request: POST https://api.deepseek.com/chat/completions "HTTP/1.1 200 OK"
2026-03-10 23:25:42,714 [INFO] HTTP Request: POST https://api.deepseek.com/chat/completions "HTTP/1.1 200 OK"
2026-03-10 23:25:44,009 [INFO] HTTP Request: POST https://api.deepseek.com/chat/completions "HTTP/1.1 200 OK"
2026-03-10 23:25:45,359 [INFO] HTTP Request: POST https://api.deepseek.com/chat/completions "HTTP/1.1 200 OK"
2026-03-10 23:25:46,461 [INFO] HTTP Request: POST https://api.deepseek.com/chat/completions "HTTP/1.1 200 OK"
2026-03-10 23:25:47,942 [INFO] HTTP Request: POST https://api.deepseek.com/chat/completions "HTTP/1.1 200 OK"
2026-03-10 23:25:53,029 [INFO] HTTP Request: POST https://api.deepseek.com/chat/completions "HTTP/1.1 200 OK"
2026-03-10 23:25:54,776 [INFO] HTTP Request: POST https://api.deepseek.com/chat/completions "HTTP/1.1 200 OK"
2026-03-10 23:25:56,460 [INFO] HTTP Request: POST https://api.deepseek.com/chat/completions "HTTP/1.1 200 OK"
2026-03-10 23:25:58,057 [INFO] HTTP Request: POST https://api.deepseek.com/chat/completions "HTTP/1.1 200 OK"
2026-03-10 23:25:59,431 [INFO] HTTP Request: POST https://api.deepseek.com/chat/completions "HTTP/1.1 200 OK"
2026-03-10 23:26:00,542 [INFO] HTTP Request: POST https://api.deepseek.com/chat/completions "HTTP/1.1 200 OK"
2026-03-10 23:26:02,272 [INFO] HTTP Request: POST https://api.deepseek.com/chat/completions "HTTP/1.1 200 OK"
2026-03-10 23:26:03,865 [INFO] HTTP Request: POST https://api.deepseek.com/chat/completions "HTTP/1.1 200 OK"
2026-03-10 23:26:05,298 [INFO] HTTP Request: POST https://api.deepseek.com/chat/completions "HTTP/1.1 200 OK"
2026-03-10 23:26:06,904 [INFO] HTTP Request: POST https://api.deepseek.com/chat/completions "HTTP/1.1 200 OK"
2026-03-10 23:26:08,460 [INFO] HTTP Request: POST https://api.deepseek.com/chat/completions "HTTP/1.1 200 OK"
2026-03-10 23:26:10,113 [INFO] HTTP Request: POST https://api.deepseek.com/chat/completions "HTTP/1.1 200 OK"
2026-03-10 23:26:11,643 [INFO] HTTP Request: POST https://api.deepseek.com/chat/completions "HTTP/1.1 200 OK"
2026-03-10 23:26:13,146 [INFO] HTTP Request: POST https://api.deepseek.com/chat/completions "HTTP/1.1 200 OK"
2026-03-10 23:26:14,737 [INFO] HTTP Request: POST https://api.deepseek.com/chat/completions "HTTP/1.1 200 OK"
2026-03-10 23:26:16,381 [INFO] HTTP Request: POST https://api.deepseek.com/chat/completions "HTTP/1.1 200 OK"
2026-03-10 23:26:17,863 [INFO] HTTP Request: POST https://api.deepseek.com/chat/completions "HTTP/1.1 200 OK"
2026-03-10 23:26:19,197 [INFO] HTTP Request: POST https://api.deepseek.com/chat/completions "HTTP/1.1 200 OK"
2026-03-10 23:26:20,545 [INFO] HTTP Request: POST https://api.deepseek.com/chat/completions "HTTP/1.1 200 OK"
2026-03-10 23:26:22,017 [INFO] HTTP Request: POST https://api.deepseek.com/chat/completions "HTTP/1.1 200 OK"
2026-03-10 23:26:23,580 [INFO] HTTP Request: POST https://api.deepseek.com/chat/completions "HTTP/1.1 200 OK"
2026-03-10 23:26:28,682 [INFO] HTTP Request: POST https://api.deepseek.com/chat/completions "HTTP/1.1 200 OK"
2026-03-10 23:26:29,787 [INFO] HTTP Request: POST https://api.deepseek.com/chat/completions "HTTP/1.1 200 OK"
2026-03-10 23:26:31,116 [INFO] HTTP Request: POST https://api.deepseek.com/chat/completions "HTTP/1.1 200 OK"
2026-03-10 23:26:32,666 [INFO] HTTP Request: POST https://api.deepseek.com/chat/completions "HTTP/1.1 200 OK"
2026-03-10 23:26:33,990 [INFO] HTTP Request: POST https://api.deepseek.com/chat/completions "HTTP/1.1 200 OK"
2026-03-10 23:26:35,417 [INFO] HTTP Request: POST https://api.deepseek.com/chat/completions "HTTP/1.1 200 OK"
2026-03-10 23:26:36,748 [INFO] HTTP Request: POST https://api.deepseek.com/chat/completions "HTTP/1.1 200 OK"
2026-03-10 23:26:38,194 [INFO] HTTP Request: POST https://api.deepseek.com/chat/completions "HTTP/1.1 200 OK"
2026-03-10 23:26:39,740 [INFO] HTTP Request: POST https://api.deepseek.com/chat/completions "HTTP/1.1 200 OK"
2026-03-10 23:26:41,172 [INFO] HTTP Request: POST https://api.deepseek.com/chat/completions "HTTP/1.1 200 OK"
2026-03-10 23:26:42,736 [INFO] HTTP Request: POST https://api.deepseek.com/chat/completions "HTTP/1.1 200 OK"
2026-03-10 23:26:44,201 [INFO] HTTP Request: POST https://api.deepseek.com/chat/completions "HTTP/1.1 200 OK"
2026-03-10 23:26:45,752 [INFO] HTTP Request: POST https://api.deepseek.com/chat/completions "HTTP/1.1 200 OK"
2026-03-10 23:26:47,152 [INFO] HTTP Request: POST https://api.deepseek.com/chat/completions "HTTP/1.1 200 OK"
2026-03-10 23:26:48,593 [INFO] HTTP Request: POST https://api.deepseek.com/chat/completions "HTTP/1.1 200 OK"
2026-03-10 23:26:49,951 [INFO] HTTP Request: POST https://api.deepseek.com/chat/completions "HTTP/1.1 200 OK"
2026-03-10 23:26:51,576 [INFO] HTTP Request: POST https://api.deepseek.com/chat/completions "HTTP/1.1 200 OK"
2026-03-10 23:26:53,091 [INFO] HTTP Request: POST https://api.deepseek.com/chat/completions "HTTP/1.1 200 OK"
2026-03-10 23:26:54,606 [INFO] HTTP Request: POST https://api.deepseek.com/chat/completions "HTTP/1.1 200 OK"
2026-03-10 23:26:56,067 [INFO] HTTP Request: POST https://api.deepseek.com/chat/completions "HTTP/1.1 200 OK"
2026-03-10 23:26:57,536 [INFO] HTTP Request: POST https://api.deepseek.com/chat/completions "HTTP/1.1 200 OK"
2026-03-10 23:26:59,008 [INFO] HTTP Request: POST https://api.deepseek.com/chat/completions "HTTP/1.1 200 OK"
2026-03-10 23:27:04,369 [INFO] HTTP Request: POST https://api.deepseek.com/chat/completions "HTTP/1.1 200 OK"
2026-03-10 23:27:05,729 [INFO] HTTP Request: POST https://api.deepseek.com/chat/completions "HTTP/1.1 200 OK"
2026-03-10 23:27:07,241 [INFO] HTTP Request: POST https://api.deepseek.com/chat/completions "HTTP/1.1 200 OK"
2026-03-10 23:27:08,859 [INFO] HTTP Request: POST https://api.deepseek.com/chat/completions "HTTP/1.1 200 OK"
2026-03-10 23:27:10,358 [INFO] HTTP Request: POST https://api.deepseek.com/chat/completions "HTTP/1.1 200 OK"
2026-03-10 23:27:11,519 [INFO] HTTP Request: POST https://api.deepseek.com/chat/completions "HTTP/1.1 200 OK"
2026-03-10 23:27:13,062 [INFO] HTTP Request: POST https://api.deepseek.com/chat/completions "HTTP/1.1 200 OK"
2026-03-10 23:27:14,607 [INFO] HTTP Request: POST https://api.deepseek.com/chat/completions "HTTP/1.1 200 OK"
2026-03-10 23:27:16,282 [INFO] HTTP Request: POST https://api.deepseek.com/chat/completions "HTTP/1.1 200 OK"
2026-03-10 23:27:17,443 [INFO] HTTP Request: POST https://api.deepseek.com/chat/completions "HTTP/1.1 200 OK"
2026-03-10 23:27:18,878 [INFO] HTTP Request: POST https://api.deepseek.com/chat/completions "HTTP/1.1 200 OK"
2026-03-10 23:27:20,434 [INFO] HTTP Request: POST https://api.deepseek.com/chat/completions "HTTP/1.1 200 OK"
2026-03-10 23:27:21,977 [INFO] HTTP Request: POST https://api.deepseek.com/chat/completions "HTTP/1.1 200 OK"
2026-03-10 23:27:23,372 [INFO] HTTP Request: POST https://api.deepseek.com/chat/completions "HTTP/1.1 200 OK"
2026-03-10 23:27:24,699 [INFO] HTTP Request: POST https://api.deepseek.com/chat/completions "HTTP/1.1 200 OK"
2026-03-10 23:27:26,478 [INFO] HTTP Request: POST https://api.deepseek.com/chat/completions "HTTP/1.1 200 OK"
2026-03-10 23:27:27,960 [INFO] HTTP Request: POST https://api.deepseek.com/chat/completions "HTTP/1.1 200 OK"
2026-03-10 23:27:29,574 [INFO] HTTP Request: POST https://api.deepseek.com/chat/completions "HTTP/1.1 200 OK"
2026-03-10 23:27:31,228 [INFO] HTTP Request: POST https://api.deepseek.com/chat/completions "HTTP/1.1 200 OK"
2026-03-10 23:27:32,663 [INFO] HTTP Request: POST https://api.deepseek.com/chat/completions "HTTP/1.1 200 OK"
2026-03-10 23:27:34,195 [INFO] HTTP Request: POST https://api.deepseek.com/chat/completions "HTTP/1.1 200 OK"
2026-03-10 23:27:35,680 [INFO] HTTP Request: POST https://api.deepseek.com/chat/completions "HTTP/1.1 200 OK"
2026-03-10 23:27:40,741 [INFO] HTTP Request: POST https://api.deepseek.com/chat/completions "HTTP/1.1 200 OK"
2026-03-10 23:27:42,411 [INFO] HTTP Request: POST https://api.deepseek.com/chat/completions "HTTP/1.1 200 OK"
2026-03-10 23:27:43,896 [INFO] HTTP Request: POST https://api.deepseek.com/chat/completions "HTTP/1.1 200 OK"
2026-03-10 23:27:45,557 [INFO] HTTP Request: POST https://api.deepseek.com/chat/completions "HTTP/1.1 200 OK"
2026-03-10 23:27:47,058 [INFO] HTTP Request: POST https://api.deepseek.com/chat/completions "HTTP/1.1 200 OK"
2026-03-10 23:27:48,356 [INFO] HTTP Request: POST https://api.deepseek.com/chat/completions "HTTP/1.1 200 OK"
2026-03-10 23:27:49,601 [INFO] HTTP Request: POST https://api.deepseek.com/chat/completions "HTTP/1.1 200 OK"
2026-03-10 23:27:51,120 [INFO] HTTP Request: POST https://api.deepseek.com/chat/completions "HTTP/1.1 200 OK"
2026-03-10 23:27:52,651 [INFO] HTTP Request: POST https://api.deepseek.com/chat/completions "HTTP/1.1 200 OK"
2026-03-10 23:27:54,150 [INFO] HTTP Request: POST https://api.deepseek.com/chat/completions "HTTP/1.1 200 OK"
2026-03-10 23:27:55,706 [INFO] HTTP Request: POST https://api.deepseek.com/chat/completions "HTTP/1.1 200 OK"
2026-03-10 23:27:57,354 [INFO] HTTP Request: POST https://api.deepseek.com/chat/completions "HTTP/1.1 200 OK"
2026-03-10 23:27:58,943 [INFO] HTTP Request: POST https://api.deepseek.com/chat/completions "HTTP/1.1 200 OK"
2026-03-10 23:28:00,372 [INFO] HTTP Request: POST https://api.deepseek.com/chat/completions "HTTP/1.1 200 OK"
2026-03-10 23:28:01,586 [INFO] HTTP Request: POST https://api.deepseek.com/chat/completions "HTTP/1.1 200 OK"
2026-03-10 23:28:03,038 [INFO] HTTP Request: POST https://api.deepseek.com/chat/completions "HTTP/1.1 200 OK"
2026-03-10 23:28:04,521 [INFO] HTTP Request: POST https://api.deepseek.com/chat/completions "HTTP/1.1 200 OK"
2026-03-10 23:28:05,987 [INFO] HTTP Request: POST https://api.deepseek.com/chat/completions "HTTP/1.1 200 OK"
2026-03-10 23:28:07,375 [INFO] HTTP Request: POST https://api.deepseek.com/chat/completions "HTTP/1.1 200 OK"
2026-03-10 23:28:08,962 [INFO] HTTP Request: POST https://api.deepseek.com/chat/completions "HTTP/1.1 200 OK"
2026-03-10 23:28:10,383 [INFO] HTTP Request: POST https://api.deepseek.com/chat/completions "HTTP/1.1 200 OK"
2026-03-10 23:28:11,832 [INFO] HTTP Request: POST https://api.deepseek.com/chat/completions "HTTP/1.1 200 OK"
2026-03-10 23:28:16,923 [INFO] HTTP Request: POST https://api.deepseek.com/chat/completions "HTTP/1.1 200 OK"
2026-03-10 23:28:18,749 [INFO] HTTP Request: POST https://api.deepseek.com/chat/completions "HTTP/1.1 200 OK"
2026-03-10 23:28:20,107 [INFO] HTTP Request: POST https://api.deepseek.com/chat/completions "HTTP/1.1 200 OK"
2026-03-10 23:28:21,494 [INFO] HTTP Request: POST https://api.deepseek.com/chat/completions "HTTP/1.1 200 OK"
2026-03-10 23:28:23,245 [INFO] HTTP Request: POST https://api.deepseek.com/chat/completions "HTTP/1.1 200 OK"
2026-03-10 23:28:24,484 [INFO] HTTP Request: POST https://api.deepseek.com/chat/completions "HTTP/1.1 200 OK"
2026-03-10 23:28:25,569 [INFO] HTTP Request: POST https://api.deepseek.com/chat/completions "HTTP/1.1 200 OK"
2026-03-10 23:28:27,102 [INFO] HTTP Request: POST https://api.deepseek.com/chat/completions "HTTP/1.1 200 OK"
2026-03-10 23:28:28,722 [INFO] HTTP Request: POST https://api.deepseek.com/chat/completions "HTTP/1.1 200 OK"
2026-03-10 23:28:30,312 [INFO] HTTP Request: POST https://api.deepseek.com/chat/completions "HTTP/1.1 200 OK"
2026-03-10 23:28:31,694 [INFO] HTTP Request: POST https://api.deepseek.com/chat/completions "HTTP/1.1 200 OK"
2026-03-10 23:28:33,232 [INFO] HTTP Request: POST https://api.deepseek.com/chat/completions "HTTP/1.1 200 OK"
2026-03-10 23:28:34,780 [INFO] HTTP Request: POST https://api.deepseek.com/chat/completions "HTTP/1.1 200 OK"
2026-03-10 23:28:36,159 [INFO] HTTP Request: POST https://api.deepseek.com/chat/completions "HTTP/1.1 200 OK"
2026-03-10 23:28:37,442 [INFO] HTTP Request: POST https://api.deepseek.com/chat/completions "HTTP/1.1 200 OK"
2026-03-10 23:28:38,932 [INFO] HTTP Request: POST https://api.deepseek.com/chat/completions "HTTP/1.1 200 OK"
2026-03-10 23:28:40,357 [INFO] HTTP Request: POST https://api.deepseek.com/chat/completions "HTTP/1.1 200 OK"
2026-03-10 23:28:41,780 [INFO] HTTP Request: POST https://api.deepseek.com/chat/completions "HTTP/1.1 200 OK"
2026-03-10 23:28:42,947 [INFO] HTTP Request: POST https://api.deepseek.com/chat/completions "HTTP/1.1 200 OK"
2026-03-10 23:28:44,231 [INFO] HTTP Request: POST https://api.deepseek.com/chat/completions "HTTP/1.1 200 OK"
2026-03-10 23:28:45,811 [INFO] HTTP Request: POST https://api.deepseek.com/chat/completions "HTTP/1.1 200 OK"
2026-03-10 23:28:47,309 [INFO] HTTP Request: POST https://api.deepseek.com/chat/completions "HTTP/1.1 200 OK"
2026-03-10 23:28:52,418 [INFO] HTTP Request: POST https://api.deepseek.com/chat/completions "HTTP/1.1 200 OK"
2026-03-10 23:28:53,875 [INFO] HTTP Request: POST https://api.deepseek.com/chat/completions "HTTP/1.1 200 OK"
2026-03-10 23:28:55,446 [INFO] HTTP Request: POST https://api.deepseek.com/chat/completions "HTTP/1.1 200 OK"
2026-03-10 23:28:56,929 [INFO] HTTP Request: POST https://api.deepseek.com/chat/completions "HTTP/1.1 200 OK"
2026-03-10 23:28:58,075 [INFO] HTTP Request: POST https://api.deepseek.com/chat/completions "HTTP/1.1 200 OK"
2026-03-10 23:28:59,371 [INFO] HTTP Request: POST https://api.deepseek.com/chat/completions "HTTP/1.1 200 OK"
2026-03-10 23:29:00,617 [INFO] HTTP Request: POST https://api.deepseek.com/chat/completions "HTTP/1.1 200 OK"
2026-03-10 23:29:02,104 [INFO] HTTP Request: POST https://api.deepseek.com/chat/completions "HTTP/1.1 200 OK"
2026-03-10 23:29:03,560 [INFO] HTTP Request: POST https://api.deepseek.com/chat/completions "HTTP/1.1 200 OK"
2026-03-10 23:29:04,957 [INFO] HTTP Request: POST https://api.deepseek.com/chat/completions "HTTP/1.1 200 OK"
2026-03-10 23:29:06,104 [INFO] HTTP Request: POST https://api.deepseek.com/chat/completions "HTTP/1.1 200 OK"
2026-03-10 23:29:07,420 [INFO] HTTP Request: POST https://api.deepseek.com/chat/completions "HTTP/1.1 200 OK"
2026-03-10 23:29:09,012 [INFO] HTTP Request: POST https://api.deepseek.com/chat/completions "HTTP/1.1 200 OK"
2026-03-10 23:29:10,565 [INFO] HTTP Request: POST https://api.deepseek.com/chat/completions "HTTP/1.1 200 OK"
2026-03-10 23:29:12,091 [INFO] HTTP Request: POST https://api.deepseek.com/chat/completions "HTTP/1.1 200 OK"
2026-03-10 23:29:13,686 [INFO] HTTP Request: POST https://api.deepseek.com/chat/completions "HTTP/1.1 200 OK"
2026-03-10 23:29:15,233 [INFO] HTTP Request: POST https://api.deepseek.com/chat/completions "HTTP/1.1 200 OK"
2026-03-10 23:29:16,628 [INFO] HTTP Request: POST https://api.deepseek.com/chat/completions "HTTP/1.1 200 OK"
2026-03-10 23:29:18,045 [INFO] HTTP Request: POST https://api.deepseek.com/chat/completions "HTTP/1.1 200 OK"
2026-03-10 23:29:19,667 [INFO] HTTP Request: POST https://api.deepseek.com/chat/completions "HTTP/1.1 200 OK"
2026-03-10 23:29:21,059 [INFO] HTTP Request: POST https://api.deepseek.com/chat/completions "HTTP/1.1 200 OK"
2026-03-10 23:29:22,571 [INFO] HTTP Request: POST https://api.deepseek.com/chat/completions "HTTP/1.1 200 OK"
2026-03-10 23:29:23,689 [INFO] HTTP Request: POST https://api.deepseek.com/chat/completions "HTTP/1.1 200 OK"
2026-03-10 23:29:28,699 [INFO] HTTP Request: POST https://api.deepseek.com/chat/completions "HTTP/1.1 200 OK"
2026-03-10 23:29:30,266 [INFO] HTTP Request: POST https://api.deepseek.com/chat/completions "HTTP/1.1 200 OK"
2026-03-10 23:29:31,982 [INFO] HTTP Request: POST https://api.deepseek.com/chat/completions "HTTP/1.1 200 OK"
2026-03-10 23:29:33,350 [INFO] HTTP Request: POST https://api.deepseek.com/chat/completions "HTTP/1.1 200 OK"
2026-03-10 23:29:34,756 [INFO] HTTP Request: POST https://api.deepseek.com/chat/completions "HTTP/1.1 200 OK"
2026-03-10 23:29:36,099 [INFO] HTTP Request: POST https://api.deepseek.com/chat/completions "HTTP/1.1 200 OK"
2026-03-10 23:29:37,659 [INFO] HTTP Request: POST https://api.deepseek.com/chat/completions "HTTP/1.1 200 OK"
2026-03-10 23:29:39,100 [INFO] HTTP Request: POST https://api.deepseek.com/chat/completions "HTTP/1.1 200 OK"
2026-03-10 23:29:40,470 [INFO] HTTP Request: POST https://api.deepseek.com/chat/completions "HTTP/1.1 200 OK"
2026-03-10 23:29:42,160 [INFO] HTTP Request: POST https://api.deepseek.com/chat/completions "HTTP/1.1 200 OK"
2026-03-10 23:29:43,424 [INFO] HTTP Request: POST https://api.deepseek.com/chat/completions "HTTP/1.1 200 OK"
2026-03-10 23:29:44,993 [INFO] HTTP Request: POST https://api.deepseek.com/chat/completions "HTTP/1.1 200 OK"
2026-03-10 23:29:46,539 [INFO] HTTP Request: POST https://api.deepseek.com/chat/completions "HTTP/1.1 200 OK"
2026-03-10 23:29:48,099 [INFO] HTTP Request: POST https://api.deepseek.com/chat/completions "HTTP/1.1 200 OK"
2026-03-10 23:29:49,544 [INFO] HTTP Request: POST https://api.deepseek.com/chat/completions "HTTP/1.1 200 OK"
2026-03-10 23:29:51,220 [INFO] HTTP Request: POST https://api.deepseek.com/chat/completions "HTTP/1.1 200 OK"
2026-03-10 23:29:52,598 [INFO] HTTP Request: POST https://api.deepseek.com/chat/completions "HTTP/1.1 200 OK"
2026-03-10 23:29:53,775 [INFO] HTTP Request: POST https://api.deepseek.com/chat/completions "HTTP/1.1 200 OK"
2026-03-10 23:29:54,963 [INFO] HTTP Request: POST https://api.deepseek.com/chat/completions "HTTP/1.1 200 OK"
2026-03-10 23:29:56,285 [INFO] HTTP Request: POST https://api.deepseek.com/chat/completions "HTTP/1.1 200 OK"
2026-03-10 23:29:57,808 [INFO] HTTP Request: POST https://api.deepseek.com/chat/completions "HTTP/1.1 200 OK"
2026-03-10 23:29:59,440 [INFO] HTTP Request: POST https://api.deepseek.com/chat/completions "HTTP/1.1 200 OK"
2026-03-10 23:30:04,559 [INFO] HTTP Request: POST https://api.deepseek.com/chat/completions "HTTP/1.1 200 OK"
2026-03-10 23:30:06,092 [INFO] HTTP Request: POST https://api.deepseek.com/chat/completions "HTTP/1.1 200 OK"
2026-03-10 23:30:07,537 [INFO] HTTP Request: POST https://api.deepseek.com/chat/completions "HTTP/1.1 200 OK"
2026-03-10 23:30:09,171 [INFO] HTTP Request: POST https://api.deepseek.com/chat/completions "HTTP/1.1 200 OK"
2026-03-10 23:30:10,533 [INFO] HTTP Request: POST https://api.deepseek.com/chat/completions "HTTP/1.1 200 OK"
2026-03-10 23:30:11,801 [INFO] HTTP Request: POST https://api.deepseek.com/chat/completions "HTTP/1.1 200 OK"
2026-03-10 23:30:13,447 [INFO] HTTP Request: POST https://api.deepseek.com/chat/completions "HTTP/1.1 200 OK"
2026-03-10 23:30:15,046 [INFO] HTTP Request: POST https://api.deepseek.com/chat/completions "HTTP/1.1 200 OK"
2026-03-10 23:30:16,522 [INFO] HTTP Request: POST https://api.deepseek.com/chat/completions "HTTP/1.1 200 OK"
2026-03-10 23:30:17,771 [INFO] HTTP Request: POST https://api.deepseek.com/chat/completions "HTTP/1.1 200 OK"
2026-03-10 23:30:18,904 [INFO] HTTP Request: POST https://api.deepseek.com/chat/completions "HTTP/1.1 200 OK"
2026-03-10 23:30:20,136 [INFO] HTTP Request: POST https://api.deepseek.com/chat/completions "HTTP/1.1 200 OK"
2026-03-10 23:30:21,515 [INFO] HTTP Request: POST https://api.deepseek.com/chat/completions "HTTP/1.1 200 OK"
2026-03-10 23:30:23,211 [INFO] HTTP Request: POST https://api.deepseek.com/chat/completions "HTTP/1.1 200 OK"
2026-03-10 23:30:24,719 [INFO] HTTP Request: POST https://api.deepseek.com/chat/completions "HTTP/1.1 200 OK"
2026-03-10 23:30:26,285 [INFO] HTTP Request: POST https://api.deepseek.com/chat/completions "HTTP/1.1 200 OK"
2026-03-10 23:30:27,697 [INFO] HTTP Request: POST https://api.deepseek.com/chat/completions "HTTP/1.1 200 OK"
2026-03-10 23:30:29,199 [INFO] HTTP Request: POST https://api.deepseek.com/chat/completions "HTTP/1.1 200 OK"
2026-03-10 23:30:30,576 [INFO] HTTP Request: POST https://api.deepseek.com/chat/completions "HTTP/1.1 200 OK"
2026-03-10 23:30:32,129 [INFO] HTTP Request: POST https://api.deepseek.com/chat/completions "HTTP/1.1 200 OK"
2026-03-10 23:30:33,690 [INFO] HTTP Request: POST https://api.deepseek.com/chat/completions "HTTP/1.1 200 OK"
2026-03-10 23:30:35,013 [INFO] HTTP Request: POST https://api.deepseek.com/chat/completions "HTTP/1.1 200 OK"
2026-03-10 23:30:40,333 [INFO] HTTP Request: POST https://api.deepseek.com/chat/completions "HTTP/1.1 200 OK"
2026-03-10 23:30:41,861 [INFO] HTTP Request: POST https://api.deepseek.com/chat/completions "HTTP/1.1 200 OK"
2026-03-10 23:30:43,202 [INFO] HTTP Request: POST https://api.deepseek.com/chat/completions "HTTP/1.1 200 OK"
2026-03-10 23:30:44,678 [INFO] HTTP Request: POST https://api.deepseek.com/chat/completions "HTTP/1.1 200 OK"
2026-03-10 23:30:46,286 [INFO] HTTP Request: POST https://api.deepseek.com/chat/completions "HTTP/1.1 200 OK"
2026-03-10 23:30:47,637 [INFO] HTTP Request: POST https://api.deepseek.com/chat/completions "HTTP/1.1 200 OK"
2026-03-10 23:30:49,216 [INFO] HTTP Request: POST https://api.deepseek.com/chat/completions "HTTP/1.1 200 OK"
2026-03-10 23:30:50,454 [INFO] HTTP Request: POST https://api.deepseek.com/chat/completions "HTTP/1.1 200 OK"
2026-03-10 23:30:51,914 [INFO] HTTP Request: POST https://api.deepseek.com/chat/completions "HTTP/1.1 200 OK"
2026-03-10 23:30:53,546 [INFO] HTTP Request: POST https://api.deepseek.com/chat/completions "HTTP/1.1 200 OK"
2026-03-10 23:30:55,109 [INFO] HTTP Request: POST https://api.deepseek.com/chat/completions "HTTP/1.1 200 OK"
2026-03-10 23:30:56,413 [INFO] HTTP Request: POST https://api.deepseek.com/chat/completions "HTTP/1.1 200 OK"
2026-03-10 23:30:57,737 [INFO] HTTP Request: POST https://api.deepseek.com/chat/completions "HTTP/1.1 200 OK"
2026-03-10 23:30:59,705 [INFO] HTTP Request: POST https://api.deepseek.com/chat/completions "HTTP/1.1 200 OK"
2026-03-10 23:31:01,402 [INFO] HTTP Request: POST https://api.deepseek.com/chat/completions "HTTP/1.1 200 OK"
2026-03-10 23:31:03,185 [INFO] HTTP Request: POST https://api.deepseek.com/chat/completions "HTTP/1.1 200 OK"
2026-03-10 23:31:04,602 [INFO] HTTP Request: POST https://api.deepseek.com/chat/completions "HTTP/1.1 200 OK"
2026-03-10 23:31:06,006 [INFO] HTTP Request: POST https://api.deepseek.com/chat/completions "HTTP/1.1 200 OK"
2026-03-10 23:31:07,579 [INFO] HTTP Request: POST https://api.deepseek.com/chat/completions "HTTP/1.1 200 OK"
2026-03-10 23:31:08,917 [INFO] HTTP Request: POST https://api.deepseek.com/chat/completions "HTTP/1.1 200 OK"
2026-03-10 23:31:10,459 [INFO] HTTP Request: POST https://api.deepseek.com/chat/completions "HTTP/1.1 200 OK"
2026-03-10 23:31:15,369 [INFO] HTTP Request: POST https://api.deepseek.com/chat/completions "HTTP/1.1 200 OK"
2026-03-10 23:31:16,956 [INFO] HTTP Request: POST https://api.deepseek.com/chat/completions "HTTP/1.1 200 OK"
2026-03-10 23:31:18,449 [INFO] HTTP Request: POST https://api.deepseek.com/chat/completions "HTTP/1.1 200 OK"
2026-03-10 23:31:19,967 [INFO] HTTP Request: POST https://api.deepseek.com/chat/completions "HTTP/1.1 200 OK"
2026-03-10 23:31:21,168 [INFO] HTTP Request: POST https://api.deepseek.com/chat/completions "HTTP/1.1 200 OK"
2026-03-10 23:31:23,534 [INFO] HTTP Request: POST https://api.deepseek.com/chat/completions "HTTP/1.1 200 OK"
2026-03-10 23:31:25,132 [INFO] HTTP Request: POST https://api.deepseek.com/chat/completions "HTTP/1.1 200 OK"
2026-03-10 23:31:26,589 [INFO] HTTP Request: POST https://api.deepseek.com/chat/completions "HTTP/1.1 200 OK"
2026-03-10 23:31:28,123 [INFO] HTTP Request: POST https://api.deepseek.com/chat/completions "HTTP/1.1 200 OK"
2026-03-10 23:31:29,635 [INFO] HTTP Request: POST https://api.deepseek.com/chat/completions "HTTP/1.1 200 OK"
2026-03-10 23:31:31,170 [INFO] HTTP Request: POST https://api.deepseek.com/chat/completions "HTTP/1.1 200 OK"
2026-03-10 23:31:32,690 [INFO] HTTP Request: POST https://api.deepseek.com/chat/completions "HTTP/1.1 200 OK"
2026-03-10 23:31:34,275 [INFO] HTTP Request: POST https://api.deepseek.com/chat/completions "HTTP/1.1 200 OK"
2026-03-10 23:31:35,525 [INFO] HTTP Request: POST https://api.deepseek.com/chat/completions "HTTP/1.1 200 OK"
2026-03-10 23:31:36,855 [INFO] HTTP Request: POST https://api.deepseek.com/chat/completions "HTTP/1.1 200 OK"
2026-03-10 23:31:38,283 [INFO] HTTP Request: POST https://api.deepseek.com/chat/completions "HTTP/1.1 200 OK"
2026-03-10 23:31:39,508 [INFO] HTTP Request: POST https://api.deepseek.com/chat/completions "HTTP/1.1 200 OK"
2026-03-10 23:31:41,007 [INFO] HTTP Request: POST https://api.deepseek.com/chat/completions "HTTP/1.1 200 OK"
2026-03-10 23:31:42,256 [INFO] HTTP Request: POST https://api.deepseek.com/chat/completions "HTTP/1.1 200 OK"
2026-03-10 23:31:43,737 [INFO] HTTP Request: POST https://api.deepseek.com/chat/completions "HTTP/1.1 200 OK"
2026-03-10 23:31:45,307 [INFO] HTTP Request: POST https://api.deepseek.com/chat/completions "HTTP/1.1 200 OK"
2026-03-10 23:31:46,744 [INFO] HTTP Request: POST https://api.deepseek.com/chat/completions "HTTP/1.1 200 OK"
2026-03-10 23:31:51,976 [INFO] HTTP Request: POST https://api.deepseek.com/chat/completions "HTTP/1.1 200 OK"
2026-03-10 23:31:53,241 [INFO] HTTP Request: POST https://api.deepseek.com/chat/completions "HTTP/1.1 200 OK"
2026-03-10 23:31:54,837 [INFO] HTTP Request: POST https://api.deepseek.com/chat/completions "HTTP/1.1 200 OK"
2026-03-10 23:31:56,420 [INFO] HTTP Request: POST https://api.deepseek.com/chat/completions "HTTP/1.1 200 OK"
2026-03-10 23:31:58,268 [INFO] HTTP Request: POST https://api.deepseek.com/chat/completions "HTTP/1.1 200 OK"
2026-03-10 23:31:59,547 [INFO] HTTP Request: POST https://api.deepseek.com/chat/completions "HTTP/1.1 200 OK"
2026-03-10 23:32:00,791 [INFO] HTTP Request: POST https://api.deepseek.com/chat/completions "HTTP/1.1 200 OK"
2026-03-10 23:32:02,366 [INFO] HTTP Request: POST https://api.deepseek.com/chat/completions "HTTP/1.1 200 OK"
2026-03-10 23:32:03,873 [INFO] HTTP Request: POST https://api.deepseek.com/chat/completions "HTTP/1.1 200 OK"
2026-03-10 23:32:05,411 [INFO] HTTP Request: POST https://api.deepseek.com/chat/completions "HTTP/1.1 200 OK"
2026-03-10 23:32:06,861 [INFO] HTTP Request: POST https://api.deepseek.com/chat/completions "HTTP/1.1 200 OK"
2026-03-10 23:32:08,278 [INFO] HTTP Request: POST https://api.deepseek.com/chat/completions "HTTP/1.1 200 OK"
2026-03-10 23:32:09,813 [INFO] HTTP Request: POST https://api.deepseek.com/chat/completions "HTTP/1.1 200 OK"
2026-03-10 23:32:11,235 [INFO] HTTP Request: POST https://api.deepseek.com/chat/completions "HTTP/1.1 200 OK"
2026-03-10 23:32:13,010 [INFO] HTTP Request: POST https://api.deepseek.com/chat/completions "HTTP/1.1 200 OK"
2026-03-10 23:32:14,611 [INFO] HTTP Request: POST https://api.deepseek.com/chat/completions "HTTP/1.1 200 OK"
2026-03-10 23:32:16,063 [INFO] HTTP Request: POST https://api.deepseek.com/chat/completions "HTTP/1.1 200 OK"
2026-03-10 23:32:17,617 [INFO] HTTP Request: POST https://api.deepseek.com/chat/completions "HTTP/1.1 200 OK"
2026-03-10 23:32:19,106 [INFO] HTTP Request: POST https://api.deepseek.com/chat/completions "HTTP/1.1 200 OK"
2026-03-10 23:32:20,686 [INFO] HTTP Request: POST https://api.deepseek.com/chat/completions "HTTP/1.1 200 OK"
2026-03-10 23:32:21,918 [INFO] HTTP Request: POST https://api.deepseek.com/chat/completions "HTTP/1.1 200 OK"
2026-03-10 23:32:26,966 [INFO] HTTP Request: POST https://api.deepseek.com/chat/completions "HTTP/1.1 200 OK"
2026-03-10 23:32:28,484 [INFO] HTTP Request: POST https://api.deepseek.com/chat/completions "HTTP/1.1 200 OK"
2026-03-10 23:32:30,140 [INFO] HTTP Request: POST https://api.deepseek.com/chat/completions "HTTP/1.1 200 OK"
2026-03-10 23:32:31,693 [INFO] HTTP Request: POST https://api.deepseek.com/chat/completions "HTTP/1.1 200 OK"
2026-03-10 23:32:33,106 [INFO] HTTP Request: POST https://api.deepseek.com/chat/completions "HTTP/1.1 200 OK"
2026-03-10 23:32:34,661 [INFO] HTTP Request: POST https://api.deepseek.com/chat/completions "HTTP/1.1 200 OK"
2026-03-10 23:32:36,284 [INFO] HTTP Request: POST https://api.deepseek.com/chat/completions "HTTP/1.1 200 OK"
2026-03-10 23:32:37,617 [INFO] HTTP Request: POST https://api.deepseek.com/chat/completions "HTTP/1.1 200 OK"
2026-03-10 23:32:39,616 [INFO] HTTP Request: POST https://api.deepseek.com/chat/completions "HTTP/1.1 200 OK"
2026-03-10 23:32:41,025 [INFO] HTTP Request: POST https://api.deepseek.com/chat/completions "HTTP/1.1 200 OK"
2026-03-10 23:32:42,634 [INFO] HTTP Request: POST https://api.deepseek.com/chat/completions "HTTP/1.1 200 OK"
2026-03-10 23:32:44,314 [INFO] HTTP Request: POST https://api.deepseek.com/chat/completions "HTTP/1.1 200 OK"
2026-03-10 23:32:45,763 [INFO] HTTP Request: POST https://api.deepseek.com/chat/completions "HTTP/1.1 200 OK"
2026-03-10 23:32:47,391 [INFO] HTTP Request: POST https://api.deepseek.com/chat/completions "HTTP/1.1 200 OK"
2026-03-10 23:32:48,848 [INFO] HTTP Request: POST https://api.deepseek.com/chat/completions "HTTP/1.1 200 OK"
2026-03-10 23:32:50,288 [INFO] HTTP Request: POST https://api.deepseek.com/chat/completions "HTTP/1.1 200 OK"
2026-03-10 23:32:51,720 [INFO] HTTP Request: POST https://api.deepseek.com/chat/completions "HTTP/1.1 200 OK"
2026-03-10 23:32:53,356 [INFO] HTTP Request: POST https://api.deepseek.com/chat/completions "HTTP/1.1 200 OK"
2026-03-10 23:32:54,739 [INFO] HTTP Request: POST https://api.deepseek.com/chat/completions "HTTP/1.1 200 OK"
2026-03-10 23:32:56,244 [INFO] HTTP Request: POST https://api.deepseek.com/chat/completions "HTTP/1.1 200 OK"
2026-03-10 23:32:57,938 [INFO] HTTP Request: POST https://api.deepseek.com/chat/completions "HTTP/1.1 200 OK"
2026-03-10 23:33:02,409 [INFO]     game  3/10  first=baseline  →  baseline wins  moves=24  772.9s
2026-03-10 23:33:03,465 [INFO] HTTP Request: POST https://api.deepseek.com/chat/completions "HTTP/1.1 200 OK"
2026-03-10 23:33:04,803 [INFO] HTTP Request: POST https://api.deepseek.com/chat/completions "HTTP/1.1 200 OK"
2026-03-10 23:33:06,174 [INFO] HTTP Request: POST https://api.deepseek.com/chat/completions "HTTP/1.1 200 OK"
2026-03-10 23:33:07,722 [INFO] HTTP Request: POST https://api.deepseek.com/chat/completions "HTTP/1.1 200 OK"
2026-03-10 23:33:09,293 [INFO] HTTP Request: POST https://api.deepseek.com/chat/completions "HTTP/1.1 200 OK"
2026-03-10 23:33:10,633 [INFO] HTTP Request: POST https://api.deepseek.com/chat/completions "HTTP/1.1 200 OK"
2026-03-10 23:33:12,057 [INFO] HTTP Request: POST https://api.deepseek.com/chat/completions "HTTP/1.1 200 OK"
2026-03-10 23:33:13,470 [INFO] HTTP Request: POST https://api.deepseek.com/chat/completions "HTTP/1.1 200 OK"
2026-03-10 23:33:14,691 [INFO] HTTP Request: POST https://api.deepseek.com/chat/completions "HTTP/1.1 200 OK"
2026-03-10 23:33:16,338 [INFO] HTTP Request: POST https://api.deepseek.com/chat/completions "HTTP/1.1 200 OK"
2026-03-10 23:33:17,937 [INFO] HTTP Request: POST https://api.deepseek.com/chat/completions "HTTP/1.1 200 OK"
2026-03-10 23:33:19,391 [INFO] HTTP Request: POST https://api.deepseek.com/chat/completions "HTTP/1.1 200 OK"
2026-03-10 23:33:20,805 [INFO] HTTP Request: POST https://api.deepseek.com/chat/completions "HTTP/1.1 200 OK"
2026-03-10 23:33:22,194 [INFO] HTTP Request: POST https://api.deepseek.com/chat/completions "HTTP/1.1 200 OK"
2026-03-10 23:33:23,480 [INFO] HTTP Request: POST https://api.deepseek.com/chat/completions "HTTP/1.1 200 OK"
2026-03-10 23:33:24,886 [INFO] HTTP Request: POST https://api.deepseek.com/chat/completions "HTTP/1.1 200 OK"
2026-03-10 23:33:26,174 [INFO] HTTP Request: POST https://api.deepseek.com/chat/completions "HTTP/1.1 200 OK"
2026-03-10 23:33:27,524 [INFO] HTTP Request: POST https://api.deepseek.com/chat/completions "HTTP/1.1 200 OK"
2026-03-10 23:33:28,747 [INFO] HTTP Request: POST https://api.deepseek.com/chat/completions "HTTP/1.1 200 OK"
2026-03-10 23:33:30,400 [INFO] HTTP Request: POST https://api.deepseek.com/chat/completions "HTTP/1.1 200 OK"
2026-03-10 23:33:32,065 [INFO] HTTP Request: POST https://api.deepseek.com/chat/completions "HTTP/1.1 200 OK"
2026-03-10 23:33:33,781 [INFO] HTTP Request: POST https://api.deepseek.com/chat/completions "HTTP/1.1 200 OK"
2026-03-10 23:33:38,923 [INFO] HTTP Request: POST https://api.deepseek.com/chat/completions "HTTP/1.1 200 OK"
2026-03-10 23:33:40,348 [INFO] HTTP Request: POST https://api.deepseek.com/chat/completions "HTTP/1.1 200 OK"
2026-03-10 23:33:41,843 [INFO] HTTP Request: POST https://api.deepseek.com/chat/completions "HTTP/1.1 200 OK"
2026-03-10 23:33:43,189 [INFO] HTTP Request: POST https://api.deepseek.com/chat/completions "HTTP/1.1 200 OK"
2026-03-10 23:33:44,572 [INFO] HTTP Request: POST https://api.deepseek.com/chat/completions "HTTP/1.1 200 OK"
2026-03-10 23:33:45,904 [INFO] HTTP Request: POST https://api.deepseek.com/chat/completions "HTTP/1.1 200 OK"
2026-03-10 23:33:47,373 [INFO] HTTP Request: POST https://api.deepseek.com/chat/completions "HTTP/1.1 200 OK"
2026-03-10 23:33:48,801 [INFO] HTTP Request: POST https://api.deepseek.com/chat/completions "HTTP/1.1 200 OK"
2026-03-10 23:33:50,284 [INFO] HTTP Request: POST https://api.deepseek.com/chat/completions "HTTP/1.1 200 OK"
2026-03-10 23:33:51,929 [INFO] HTTP Request: POST https://api.deepseek.com/chat/completions "HTTP/1.1 200 OK"
2026-03-10 23:33:53,390 [INFO] HTTP Request: POST https://api.deepseek.com/chat/completions "HTTP/1.1 200 OK"
2026-03-10 23:33:55,040 [INFO] HTTP Request: POST https://api.deepseek.com/chat/completions "HTTP/1.1 200 OK"
2026-03-10 23:33:56,326 [INFO] HTTP Request: POST https://api.deepseek.com/chat/completions "HTTP/1.1 200 OK"
2026-03-10 23:33:58,085 [INFO] HTTP Request: POST https://api.deepseek.com/chat/completions "HTTP/1.1 200 OK"
2026-03-10 23:33:59,639 [INFO] HTTP Request: POST https://api.deepseek.com/chat/completions "HTTP/1.1 200 OK"
2026-03-10 23:34:01,291 [INFO] HTTP Request: POST https://api.deepseek.com/chat/completions "HTTP/1.1 200 OK"
2026-03-10 23:34:02,864 [INFO] HTTP Request: POST https://api.deepseek.com/chat/completions "HTTP/1.1 200 OK"
2026-03-10 23:34:04,502 [INFO] HTTP Request: POST https://api.deepseek.com/chat/completions "HTTP/1.1 200 OK"
2026-03-10 23:34:06,203 [INFO] HTTP Request: POST https://api.deepseek.com/chat/completions "HTTP/1.1 200 OK"
2026-03-10 23:34:07,620 [INFO] HTTP Request: POST https://api.deepseek.com/chat/completions "HTTP/1.1 200 OK"
2026-03-10 23:34:08,938 [INFO] HTTP Request: POST https://api.deepseek.com/chat/completions "HTTP/1.1 200 OK"
2026-03-10 23:34:13,987 [INFO] HTTP Request: POST https://api.deepseek.com/chat/completions "HTTP/1.1 200 OK"
2026-03-10 23:34:15,428 [INFO] HTTP Request: POST https://api.deepseek.com/chat/completions "HTTP/1.1 200 OK"
2026-03-10 23:34:16,924 [INFO] HTTP Request: POST https://api.deepseek.com/chat/completions "HTTP/1.1 200 OK"
2026-03-10 23:34:18,297 [INFO] HTTP Request: POST https://api.deepseek.com/chat/completions "HTTP/1.1 200 OK"
2026-03-10 23:34:19,792 [INFO] HTTP Request: POST https://api.deepseek.com/chat/completions "HTTP/1.1 200 OK"
2026-03-10 23:34:21,313 [INFO] HTTP Request: POST https://api.deepseek.com/chat/completions "HTTP/1.1 200 OK"
2026-03-10 23:34:22,486 [INFO] HTTP Request: POST https://api.deepseek.com/chat/completions "HTTP/1.1 200 OK"
2026-03-10 23:34:23,888 [INFO] HTTP Request: POST https://api.deepseek.com/chat/completions "HTTP/1.1 200 OK"
2026-03-10 23:34:25,349 [INFO] HTTP Request: POST https://api.deepseek.com/chat/completions "HTTP/1.1 200 OK"
2026-03-10 23:34:26,866 [INFO] HTTP Request: POST https://api.deepseek.com/chat/completions "HTTP/1.1 200 OK"
2026-03-10 23:34:28,534 [INFO] HTTP Request: POST https://api.deepseek.com/chat/completions "HTTP/1.1 200 OK"
2026-03-10 23:34:29,769 [INFO] HTTP Request: POST https://api.deepseek.com/chat/completions "HTTP/1.1 200 OK"
2026-03-10 23:34:31,268 [INFO] HTTP Request: POST https://api.deepseek.com/chat/completions "HTTP/1.1 200 OK"
2026-03-10 23:34:32,649 [INFO] HTTP Request: POST https://api.deepseek.com/chat/completions "HTTP/1.1 200 OK"
2026-03-10 23:34:34,193 [INFO] HTTP Request: POST https://api.deepseek.com/chat/completions "HTTP/1.1 200 OK"
2026-03-10 23:34:35,633 [INFO] HTTP Request: POST https://api.deepseek.com/chat/completions "HTTP/1.1 200 OK"
2026-03-10 23:34:37,028 [INFO] HTTP Request: POST https://api.deepseek.com/chat/completions "HTTP/1.1 200 OK"
2026-03-10 23:34:38,475 [INFO] HTTP Request: POST https://api.deepseek.com/chat/completions "HTTP/1.1 200 OK"
2026-03-10 23:34:40,086 [INFO] HTTP Request: POST https://api.deepseek.com/chat/completions "HTTP/1.1 200 OK"
2026-03-10 23:34:41,323 [INFO] HTTP Request: POST https://api.deepseek.com/chat/completions "HTTP/1.1 200 OK"
2026-03-10 23:34:43,018 [INFO] HTTP Request: POST https://api.deepseek.com/chat/completions "HTTP/1.1 200 OK"
2026-03-10 23:34:44,278 [INFO] HTTP Request: POST https://api.deepseek.com/chat/completions "HTTP/1.1 200 OK"
2026-03-10 23:34:45,759 [INFO] HTTP Request: POST https://api.deepseek.com/chat/completions "HTTP/1.1 200 OK"
2026-03-10 23:34:50,933 [INFO] HTTP Request: POST https://api.deepseek.com/chat/completions "HTTP/1.1 200 OK"
2026-03-10 23:34:52,459 [INFO] HTTP Request: POST https://api.deepseek.com/chat/completions "HTTP/1.1 200 OK"
2026-03-10 23:34:53,477 [INFO] HTTP Request: POST https://api.deepseek.com/chat/completions "HTTP/1.1 200 OK"
2026-03-10 23:34:54,999 [INFO] HTTP Request: POST https://api.deepseek.com/chat/completions "HTTP/1.1 200 OK"
2026-03-10 23:34:56,455 [INFO] HTTP Request: POST https://api.deepseek.com/chat/completions "HTTP/1.1 200 OK"
2026-03-10 23:34:57,742 [INFO] HTTP Request: POST https://api.deepseek.com/chat/completions "HTTP/1.1 200 OK"
2026-03-10 23:34:59,318 [INFO] HTTP Request: POST https://api.deepseek.com/chat/completions "HTTP/1.1 200 OK"
2026-03-10 23:35:00,733 [INFO] HTTP Request: POST https://api.deepseek.com/chat/completions "HTTP/1.1 200 OK"
2026-03-10 23:35:02,588 [INFO] HTTP Request: POST https://api.deepseek.com/chat/completions "HTTP/1.1 200 OK"
2026-03-10 23:35:04,194 [INFO] HTTP Request: POST https://api.deepseek.com/chat/completions "HTTP/1.1 200 OK"
2026-03-10 23:35:05,753 [INFO] HTTP Request: POST https://api.deepseek.com/chat/completions "HTTP/1.1 200 OK"
2026-03-10 23:35:07,150 [INFO] HTTP Request: POST https://api.deepseek.com/chat/completions "HTTP/1.1 200 OK"
2026-03-10 23:35:08,728 [INFO] HTTP Request: POST https://api.deepseek.com/chat/completions "HTTP/1.1 200 OK"
2026-03-10 23:35:10,091 [INFO] HTTP Request: POST https://api.deepseek.com/chat/completions "HTTP/1.1 200 OK"
2026-03-10 23:35:11,556 [INFO] HTTP Request: POST https://api.deepseek.com/chat/completions "HTTP/1.1 200 OK"
2026-03-10 23:35:13,191 [INFO] HTTP Request: POST https://api.deepseek.com/chat/completions "HTTP/1.1 200 OK"
2026-03-10 23:35:14,563 [INFO] HTTP Request: POST https://api.deepseek.com/chat/completions "HTTP/1.1 200 OK"
2026-03-10 23:35:16,083 [INFO] HTTP Request: POST https://api.deepseek.com/chat/completions "HTTP/1.1 200 OK"
2026-03-10 23:35:17,549 [INFO] HTTP Request: POST https://api.deepseek.com/chat/completions "HTTP/1.1 200 OK"
2026-03-10 23:35:19,652 [INFO] HTTP Request: POST https://api.deepseek.com/chat/completions "HTTP/1.1 200 OK"
2026-03-10 23:35:21,188 [INFO] HTTP Request: POST https://api.deepseek.com/chat/completions "HTTP/1.1 200 OK"
2026-03-10 23:35:26,065 [INFO] HTTP Request: POST https://api.deepseek.com/chat/completions "HTTP/1.1 200 OK"
2026-03-10 23:35:27,455 [INFO] HTTP Request: POST https://api.deepseek.com/chat/completions "HTTP/1.1 200 OK"
2026-03-10 23:35:28,997 [INFO] HTTP Request: POST https://api.deepseek.com/chat/completions "HTTP/1.1 200 OK"
2026-03-10 23:35:30,293 [INFO] HTTP Request: POST https://api.deepseek.com/chat/completions "HTTP/1.1 200 OK"
2026-03-10 23:35:31,714 [INFO] HTTP Request: POST https://api.deepseek.com/chat/completions "HTTP/1.1 200 OK"
2026-03-10 23:35:33,024 [INFO] HTTP Request: POST https://api.deepseek.com/chat/completions "HTTP/1.1 200 OK"
2026-03-10 23:35:34,318 [INFO] HTTP Request: POST https://api.deepseek.com/chat/completions "HTTP/1.1 200 OK"
2026-03-10 23:35:35,568 [INFO] HTTP Request: POST https://api.deepseek.com/chat/completions "HTTP/1.1 200 OK"
2026-03-10 23:35:37,019 [INFO] HTTP Request: POST https://api.deepseek.com/chat/completions "HTTP/1.1 200 OK"
2026-03-10 23:35:38,405 [INFO] HTTP Request: POST https://api.deepseek.com/chat/completions "HTTP/1.1 200 OK"
2026-03-10 23:35:39,666 [INFO] HTTP Request: POST https://api.deepseek.com/chat/completions "HTTP/1.1 200 OK"
2026-03-10 23:35:41,247 [INFO] HTTP Request: POST https://api.deepseek.com/chat/completions "HTTP/1.1 200 OK"
2026-03-10 23:35:42,537 [INFO] HTTP Request: POST https://api.deepseek.com/chat/completions "HTTP/1.1 200 OK"
2026-03-10 23:35:44,214 [INFO] HTTP Request: POST https://api.deepseek.com/chat/completions "HTTP/1.1 200 OK"
2026-03-10 23:35:45,404 [INFO] HTTP Request: POST https://api.deepseek.com/chat/completions "HTTP/1.1 200 OK"
2026-03-10 23:35:46,700 [INFO] HTTP Request: POST https://api.deepseek.com/chat/completions "HTTP/1.1 200 OK"
2026-03-10 23:35:48,147 [INFO] HTTP Request: POST https://api.deepseek.com/chat/completions "HTTP/1.1 200 OK"
2026-03-10 23:35:49,685 [INFO] HTTP Request: POST https://api.deepseek.com/chat/completions "HTTP/1.1 200 OK"
2026-03-10 23:35:51,242 [INFO] HTTP Request: POST https://api.deepseek.com/chat/completions "HTTP/1.1 200 OK"
2026-03-10 23:35:52,794 [INFO] HTTP Request: POST https://api.deepseek.com/chat/completions "HTTP/1.1 200 OK"
2026-03-10 23:35:54,395 [INFO] HTTP Request: POST https://api.deepseek.com/chat/completions "HTTP/1.1 200 OK"
2026-03-10 23:35:55,969 [INFO] HTTP Request: POST https://api.deepseek.com/chat/completions "HTTP/1.1 200 OK"
2026-03-10 23:35:57,322 [INFO] HTTP Request: POST https://api.deepseek.com/chat/completions "HTTP/1.1 200 OK"
2026-03-10 23:36:02,279 [INFO] HTTP Request: POST https://api.deepseek.com/chat/completions "HTTP/1.1 200 OK"
2026-03-10 23:36:03,622 [INFO] HTTP Request: POST https://api.deepseek.com/chat/completions "HTTP/1.1 200 OK"
2026-03-10 23:36:04,972 [INFO] HTTP Request: POST https://api.deepseek.com/chat/completions "HTTP/1.1 200 OK"
2026-03-10 23:36:06,400 [INFO] HTTP Request: POST https://api.deepseek.com/chat/completions "HTTP/1.1 200 OK"
2026-03-10 23:36:07,717 [INFO] HTTP Request: POST https://api.deepseek.com/chat/completions "HTTP/1.1 200 OK"
2026-03-10 23:36:08,828 [INFO] HTTP Request: POST https://api.deepseek.com/chat/completions "HTTP/1.1 200 OK"
2026-03-10 23:36:09,906 [INFO] HTTP Request: POST https://api.deepseek.com/chat/completions "HTTP/1.1 200 OK"
2026-03-10 23:36:11,389 [INFO] HTTP Request: POST https://api.deepseek.com/chat/completions "HTTP/1.1 200 OK"
2026-03-10 23:36:12,759 [INFO] HTTP Request: POST https://api.deepseek.com/chat/completions "HTTP/1.1 200 OK"
2026-03-10 23:36:14,284 [INFO] HTTP Request: POST https://api.deepseek.com/chat/completions "HTTP/1.1 200 OK"
2026-03-10 23:36:15,544 [INFO] HTTP Request: POST https://api.deepseek.com/chat/completions "HTTP/1.1 200 OK"
2026-03-10 23:36:17,098 [INFO] HTTP Request: POST https://api.deepseek.com/chat/completions "HTTP/1.1 200 OK"
2026-03-10 23:36:18,634 [INFO] HTTP Request: POST https://api.deepseek.com/chat/completions "HTTP/1.1 200 OK"
2026-03-10 23:36:20,235 [INFO] HTTP Request: POST https://api.deepseek.com/chat/completions "HTTP/1.1 200 OK"
2026-03-10 23:36:21,841 [INFO] HTTP Request: POST https://api.deepseek.com/chat/completions "HTTP/1.1 200 OK"
2026-03-10 23:36:23,035 [INFO] HTTP Request: POST https://api.deepseek.com/chat/completions "HTTP/1.1 200 OK"
2026-03-10 23:36:24,583 [INFO] HTTP Request: POST https://api.deepseek.com/chat/completions "HTTP/1.1 200 OK"
2026-03-10 23:36:26,186 [INFO] HTTP Request: POST https://api.deepseek.com/chat/completions "HTTP/1.1 200 OK"
2026-03-10 23:36:27,679 [INFO] HTTP Request: POST https://api.deepseek.com/chat/completions "HTTP/1.1 200 OK"
2026-03-10 23:36:28,878 [INFO] HTTP Request: POST https://api.deepseek.com/chat/completions "HTTP/1.1 200 OK"
2026-03-10 23:36:30,191 [INFO] HTTP Request: POST https://api.deepseek.com/chat/completions "HTTP/1.1 200 OK"
2026-03-10 23:36:31,444 [INFO] HTTP Request: POST https://api.deepseek.com/chat/completions "HTTP/1.1 200 OK"
2026-03-10 23:36:32,961 [INFO] HTTP Request: POST https://api.deepseek.com/chat/completions "HTTP/1.1 200 OK"
2026-03-10 23:36:38,380 [INFO] HTTP Request: POST https://api.deepseek.com/chat/completions "HTTP/1.1 200 OK"
2026-03-10 23:36:39,977 [INFO] HTTP Request: POST https://api.deepseek.com/chat/completions "HTTP/1.1 200 OK"
2026-03-10 23:36:41,551 [INFO] HTTP Request: POST https://api.deepseek.com/chat/completions "HTTP/1.1 200 OK"
2026-03-10 23:36:42,822 [INFO] HTTP Request: POST https://api.deepseek.com/chat/completions "HTTP/1.1 200 OK"
2026-03-10 23:36:44,164 [INFO] HTTP Request: POST https://api.deepseek.com/chat/completions "HTTP/1.1 200 OK"
2026-03-10 23:36:45,535 [INFO] HTTP Request: POST https://api.deepseek.com/chat/completions "HTTP/1.1 200 OK"
2026-03-10 23:36:46,877 [INFO] HTTP Request: POST https://api.deepseek.com/chat/completions "HTTP/1.1 200 OK"
2026-03-10 23:36:48,367 [INFO] HTTP Request: POST https://api.deepseek.com/chat/completions "HTTP/1.1 200 OK"
2026-03-10 23:36:49,748 [INFO] HTTP Request: POST https://api.deepseek.com/chat/completions "HTTP/1.1 200 OK"
2026-03-10 23:36:51,269 [INFO] HTTP Request: POST https://api.deepseek.com/chat/completions "HTTP/1.1 200 OK"
2026-03-10 23:36:52,664 [INFO] HTTP Request: POST https://api.deepseek.com/chat/completions "HTTP/1.1 200 OK"
2026-03-10 23:36:53,998 [INFO] HTTP Request: POST https://api.deepseek.com/chat/completions "HTTP/1.1 200 OK"
2026-03-10 23:36:55,503 [INFO] HTTP Request: POST https://api.deepseek.com/chat/completions "HTTP/1.1 200 OK"
2026-03-10 23:36:56,952 [INFO] HTTP Request: POST https://api.deepseek.com/chat/completions "HTTP/1.1 200 OK"
2026-03-10 23:36:58,651 [INFO] HTTP Request: POST https://api.deepseek.com/chat/completions "HTTP/1.1 200 OK"
2026-03-10 23:37:00,201 [INFO] HTTP Request: POST https://api.deepseek.com/chat/completions "HTTP/1.1 200 OK"
2026-03-10 23:37:01,965 [INFO] HTTP Request: POST https://api.deepseek.com/chat/completions "HTTP/1.1 200 OK"
2026-03-10 23:37:03,203 [INFO] HTTP Request: POST https://api.deepseek.com/chat/completions "HTTP/1.1 200 OK"
2026-03-10 23:37:04,760 [INFO] HTTP Request: POST https://api.deepseek.com/chat/completions "HTTP/1.1 200 OK"
2026-03-10 23:37:06,083 [INFO] HTTP Request: POST https://api.deepseek.com/chat/completions "HTTP/1.1 200 OK"
2026-03-10 23:37:07,677 [INFO] HTTP Request: POST https://api.deepseek.com/chat/completions "HTTP/1.1 200 OK"
2026-03-10 23:37:09,251 [INFO] HTTP Request: POST https://api.deepseek.com/chat/completions "HTTP/1.1 200 OK"
2026-03-10 23:37:14,228 [INFO] HTTP Request: POST https://api.deepseek.com/chat/completions "HTTP/1.1 200 OK"
2026-03-10 23:37:15,732 [INFO] HTTP Request: POST https://api.deepseek.com/chat/completions "HTTP/1.1 200 OK"
2026-03-10 23:37:17,207 [INFO] HTTP Request: POST https://api.deepseek.com/chat/completions "HTTP/1.1 200 OK"
2026-03-10 23:37:18,705 [INFO] HTTP Request: POST https://api.deepseek.com/chat/completions "HTTP/1.1 200 OK"
2026-03-10 23:37:20,280 [INFO] HTTP Request: POST https://api.deepseek.com/chat/completions "HTTP/1.1 200 OK"
2026-03-10 23:37:21,754 [INFO] HTTP Request: POST https://api.deepseek.com/chat/completions "HTTP/1.1 200 OK"
2026-03-10 23:37:23,324 [INFO] HTTP Request: POST https://api.deepseek.com/chat/completions "HTTP/1.1 200 OK"
2026-03-10 23:37:24,895 [INFO] HTTP Request: POST https://api.deepseek.com/chat/completions "HTTP/1.1 200 OK"
2026-03-10 23:37:26,074 [INFO] HTTP Request: POST https://api.deepseek.com/chat/completions "HTTP/1.1 200 OK"
2026-03-10 23:37:27,546 [INFO] HTTP Request: POST https://api.deepseek.com/chat/completions "HTTP/1.1 200 OK"
2026-03-10 23:37:28,955 [INFO] HTTP Request: POST https://api.deepseek.com/chat/completions "HTTP/1.1 200 OK"
2026-03-10 23:37:30,462 [INFO] HTTP Request: POST https://api.deepseek.com/chat/completions "HTTP/1.1 200 OK"
2026-03-10 23:37:32,219 [INFO] HTTP Request: POST https://api.deepseek.com/chat/completions "HTTP/1.1 200 OK"
2026-03-10 23:37:33,602 [INFO] HTTP Request: POST https://api.deepseek.com/chat/completions "HTTP/1.1 200 OK"
2026-03-10 23:37:35,306 [INFO] HTTP Request: POST https://api.deepseek.com/chat/completions "HTTP/1.1 200 OK"
2026-03-10 23:37:36,672 [INFO] HTTP Request: POST https://api.deepseek.com/chat/completions "HTTP/1.1 200 OK"
2026-03-10 23:37:38,069 [INFO] HTTP Request: POST https://api.deepseek.com/chat/completions "HTTP/1.1 200 OK"
2026-03-10 23:37:39,330 [INFO] HTTP Request: POST https://api.deepseek.com/chat/completions "HTTP/1.1 200 OK"
2026-03-10 23:37:40,585 [INFO] HTTP Request: POST https://api.deepseek.com/chat/completions "HTTP/1.1 200 OK"
2026-03-10 23:37:42,110 [INFO] HTTP Request: POST https://api.deepseek.com/chat/completions "HTTP/1.1 200 OK"
2026-03-10 23:37:43,419 [INFO] HTTP Request: POST https://api.deepseek.com/chat/completions "HTTP/1.1 200 OK"
2026-03-10 23:37:44,761 [INFO] HTTP Request: POST https://api.deepseek.com/chat/completions "HTTP/1.1 200 OK"
2026-03-10 23:37:49,778 [INFO] HTTP Request: POST https://api.deepseek.com/chat/completions "HTTP/1.1 200 OK"
2026-03-10 23:37:51,348 [INFO] HTTP Request: POST https://api.deepseek.com/chat/completions "HTTP/1.1 200 OK"
2026-03-10 23:37:52,717 [INFO] HTTP Request: POST https://api.deepseek.com/chat/completions "HTTP/1.1 200 OK"
2026-03-10 23:37:54,193 [INFO] HTTP Request: POST https://api.deepseek.com/chat/completions "HTTP/1.1 200 OK"
2026-03-10 23:37:55,765 [INFO] HTTP Request: POST https://api.deepseek.com/chat/completions "HTTP/1.1 200 OK"
2026-03-10 23:37:57,236 [INFO] HTTP Request: POST https://api.deepseek.com/chat/completions "HTTP/1.1 200 OK"
2026-03-10 23:37:58,643 [INFO] HTTP Request: POST https://api.deepseek.com/chat/completions "HTTP/1.1 200 OK"
2026-03-10 23:38:00,195 [INFO] HTTP Request: POST https://api.deepseek.com/chat/completions "HTTP/1.1 200 OK"
2026-03-10 23:38:01,547 [INFO] HTTP Request: POST https://api.deepseek.com/chat/completions "HTTP/1.1 200 OK"
2026-03-10 23:38:02,926 [INFO] HTTP Request: POST https://api.deepseek.com/chat/completions "HTTP/1.1 200 OK"
2026-03-10 23:38:04,231 [INFO] HTTP Request: POST https://api.deepseek.com/chat/completions "HTTP/1.1 200 OK"
2026-03-10 23:38:05,780 [INFO] HTTP Request: POST https://api.deepseek.com/chat/completions "HTTP/1.1 200 OK"
2026-03-10 23:38:07,344 [INFO] HTTP Request: POST https://api.deepseek.com/chat/completions "HTTP/1.1 200 OK"
2026-03-10 23:38:08,798 [INFO] HTTP Request: POST https://api.deepseek.com/chat/completions "HTTP/1.1 200 OK"
2026-03-10 23:38:10,001 [INFO] HTTP Request: POST https://api.deepseek.com/chat/completions "HTTP/1.1 200 OK"
2026-03-10 23:38:11,189 [INFO] HTTP Request: POST https://api.deepseek.com/chat/completions "HTTP/1.1 200 OK"
2026-03-10 23:38:12,533 [INFO] HTTP Request: POST https://api.deepseek.com/chat/completions "HTTP/1.1 200 OK"
2026-03-10 23:38:14,057 [INFO] HTTP Request: POST https://api.deepseek.com/chat/completions "HTTP/1.1 200 OK"
2026-03-10 23:38:15,498 [INFO] HTTP Request: POST https://api.deepseek.com/chat/completions "HTTP/1.1 200 OK"
2026-03-10 23:38:16,688 [INFO] HTTP Request: POST https://api.deepseek.com/chat/completions "HTTP/1.1 200 OK"
2026-03-10 23:38:18,119 [INFO] HTTP Request: POST https://api.deepseek.com/chat/completions "HTTP/1.1 200 OK"
2026-03-10 23:38:19,416 [INFO] HTTP Request: POST https://api.deepseek.com/chat/completions "HTTP/1.1 200 OK"
2026-03-10 23:38:20,780 [INFO] HTTP Request: POST https://api.deepseek.com/chat/completions "HTTP/1.1 200 OK"
2026-03-10 23:38:25,470 [INFO] HTTP Request: POST https://api.deepseek.com/chat/completions "HTTP/1.1 200 OK"
2026-03-10 23:38:27,076 [INFO] HTTP Request: POST https://api.deepseek.com/chat/completions "HTTP/1.1 200 OK"
2026-03-10 23:38:28,509 [INFO] HTTP Request: POST https://api.deepseek.com/chat/completions "HTTP/1.1 200 OK"
2026-03-10 23:38:29,813 [INFO] HTTP Request: POST https://api.deepseek.com/chat/completions "HTTP/1.1 200 OK"
2026-03-10 23:38:31,354 [INFO] HTTP Request: POST https://api.deepseek.com/chat/completions "HTTP/1.1 200 OK"
2026-03-10 23:38:32,933 [INFO] HTTP Request: POST https://api.deepseek.com/chat/completions "HTTP/1.1 200 OK"
2026-03-10 23:38:34,362 [INFO] HTTP Request: POST https://api.deepseek.com/chat/completions "HTTP/1.1 200 OK"
2026-03-10 23:38:35,792 [INFO] HTTP Request: POST https://api.deepseek.com/chat/completions "HTTP/1.1 200 OK"
2026-03-10 23:38:37,182 [INFO] HTTP Request: POST https://api.deepseek.com/chat/completions "HTTP/1.1 200 OK"
2026-03-10 23:38:38,485 [INFO] HTTP Request: POST https://api.deepseek.com/chat/completions "HTTP/1.1 200 OK"
2026-03-10 23:38:40,047 [INFO] HTTP Request: POST https://api.deepseek.com/chat/completions "HTTP/1.1 200 OK"
2026-03-10 23:38:41,361 [INFO]     game  4/10  first=direct    →  baseline wins  moves=11  339.0s
2026-03-10 23:38:41,750 [INFO] HTTP Request: POST https://api.deepseek.com/chat/completions "HTTP/1.1 200 OK"
2026-03-10 23:38:43,446 [INFO] HTTP Request: POST https://api.deepseek.com/chat/completions "HTTP/1.1 200 OK"
2026-03-10 23:38:44,899 [INFO] HTTP Request: POST https://api.deepseek.com/chat/completions "HTTP/1.1 200 OK"
2026-03-10 23:38:46,292 [INFO] HTTP Request: POST https://api.deepseek.com/chat/completions "HTTP/1.1 200 OK"
2026-03-10 23:38:47,524 [INFO] HTTP Request: POST https://api.deepseek.com/chat/completions "HTTP/1.1 200 OK"
2026-03-10 23:38:49,011 [INFO] HTTP Request: POST https://api.deepseek.com/chat/completions "HTTP/1.1 200 OK"
2026-03-10 23:38:50,610 [INFO] HTTP Request: POST https://api.deepseek.com/chat/completions "HTTP/1.1 200 OK"
2026-03-10 23:38:52,233 [INFO] HTTP Request: POST https://api.deepseek.com/chat/completions "HTTP/1.1 200 OK"
2026-03-10 23:38:53,728 [INFO] HTTP Request: POST https://api.deepseek.com/chat/completions "HTTP/1.1 200 OK"
2026-03-10 23:38:55,028 [INFO] HTTP Request: POST https://api.deepseek.com/chat/completions "HTTP/1.1 200 OK"
2026-03-10 23:38:56,614 [INFO] HTTP Request: POST https://api.deepseek.com/chat/completions "HTTP/1.1 200 OK"
2026-03-10 23:39:01,529 [INFO] HTTP Request: POST https://api.deepseek.com/chat/completions "HTTP/1.1 200 OK"
2026-03-10 23:39:03,002 [INFO] HTTP Request: POST https://api.deepseek.com/chat/completions "HTTP/1.1 200 OK"
2026-03-10 23:39:04,594 [INFO] HTTP Request: POST https://api.deepseek.com/chat/completions "HTTP/1.1 200 OK"
2026-03-10 23:39:05,928 [INFO] HTTP Request: POST https://api.deepseek.com/chat/completions "HTTP/1.1 200 OK"
2026-03-10 23:39:07,261 [INFO] HTTP Request: POST https://api.deepseek.com/chat/completions "HTTP/1.1 200 OK"
2026-03-10 23:39:08,675 [INFO] HTTP Request: POST https://api.deepseek.com/chat/completions "HTTP/1.1 200 OK"
2026-03-10 23:39:10,187 [INFO] HTTP Request: POST https://api.deepseek.com/chat/completions "HTTP/1.1 200 OK"
2026-03-10 23:39:11,547 [INFO] HTTP Request: POST https://api.deepseek.com/chat/completions "HTTP/1.1 200 OK"
2026-03-10 23:39:12,957 [INFO] HTTP Request: POST https://api.deepseek.com/chat/completions "HTTP/1.1 200 OK"
2026-03-10 23:39:14,428 [INFO] HTTP Request: POST https://api.deepseek.com/chat/completions "HTTP/1.1 200 OK"
2026-03-10 23:39:15,671 [INFO] HTTP Request: POST https://api.deepseek.com/chat/completions "HTTP/1.1 200 OK"
2026-03-10 23:39:17,327 [INFO] HTTP Request: POST https://api.deepseek.com/chat/completions "HTTP/1.1 200 OK"
2026-03-10 23:39:18,660 [INFO] HTTP Request: POST https://api.deepseek.com/chat/completions "HTTP/1.1 200 OK"
2026-03-10 23:39:20,137 [INFO] HTTP Request: POST https://api.deepseek.com/chat/completions "HTTP/1.1 200 OK"
2026-03-10 23:39:21,284 [INFO] HTTP Request: POST https://api.deepseek.com/chat/completions "HTTP/1.1 200 OK"
2026-03-10 23:39:22,646 [INFO] HTTP Request: POST https://api.deepseek.com/chat/completions "HTTP/1.1 200 OK"
2026-03-10 23:39:24,824 [INFO] HTTP Request: POST https://api.deepseek.com/chat/completions "HTTP/1.1 200 OK"
2026-03-10 23:39:26,227 [INFO] HTTP Request: POST https://api.deepseek.com/chat/completions "HTTP/1.1 200 OK"
2026-03-10 23:39:27,502 [INFO] HTTP Request: POST https://api.deepseek.com/chat/completions "HTTP/1.1 200 OK"
2026-03-10 23:39:28,755 [INFO] HTTP Request: POST https://api.deepseek.com/chat/completions "HTTP/1.1 200 OK"
2026-03-10 23:39:30,198 [INFO] HTTP Request: POST https://api.deepseek.com/chat/completions "HTTP/1.1 200 OK"
2026-03-10 23:39:31,780 [INFO] HTTP Request: POST https://api.deepseek.com/chat/completions "HTTP/1.1 200 OK"
2026-03-10 23:39:36,779 [INFO] HTTP Request: POST https://api.deepseek.com/chat/completions "HTTP/1.1 200 OK"
2026-03-10 23:39:38,089 [INFO] HTTP Request: POST https://api.deepseek.com/chat/completions "HTTP/1.1 200 OK"
2026-03-10 23:39:39,331 [INFO] HTTP Request: POST https://api.deepseek.com/chat/completions "HTTP/1.1 200 OK"
2026-03-10 23:39:40,961 [INFO] HTTP Request: POST https://api.deepseek.com/chat/completions "HTTP/1.1 200 OK"
2026-03-10 23:39:42,566 [INFO] HTTP Request: POST https://api.deepseek.com/chat/completions "HTTP/1.1 200 OK"
2026-03-10 23:39:44,022 [INFO] HTTP Request: POST https://api.deepseek.com/chat/completions "HTTP/1.1 200 OK"
2026-03-10 23:39:45,272 [INFO] HTTP Request: POST https://api.deepseek.com/chat/completions "HTTP/1.1 200 OK"
2026-03-10 23:39:46,782 [INFO] HTTP Request: POST https://api.deepseek.com/chat/completions "HTTP/1.1 200 OK"
2026-03-10 23:39:48,312 [INFO] HTTP Request: POST https://api.deepseek.com/chat/completions "HTTP/1.1 200 OK"
2026-03-10 23:39:49,836 [INFO] HTTP Request: POST https://api.deepseek.com/chat/completions "HTTP/1.1 200 OK"
2026-03-10 23:39:51,193 [INFO] HTTP Request: POST https://api.deepseek.com/chat/completions "HTTP/1.1 200 OK"
2026-03-10 23:39:52,787 [INFO] HTTP Request: POST https://api.deepseek.com/chat/completions "HTTP/1.1 200 OK"
2026-03-10 23:39:53,995 [INFO] HTTP Request: POST https://api.deepseek.com/chat/completions "HTTP/1.1 200 OK"
2026-03-10 23:39:55,281 [INFO] HTTP Request: POST https://api.deepseek.com/chat/completions "HTTP/1.1 200 OK"
2026-03-10 23:39:56,638 [INFO] HTTP Request: POST https://api.deepseek.com/chat/completions "HTTP/1.1 200 OK"
2026-03-10 23:39:57,958 [INFO] HTTP Request: POST https://api.deepseek.com/chat/completions "HTTP/1.1 200 OK"
2026-03-10 23:39:59,264 [INFO] HTTP Request: POST https://api.deepseek.com/chat/completions "HTTP/1.1 200 OK"
2026-03-10 23:40:00,647 [INFO] HTTP Request: POST https://api.deepseek.com/chat/completions "HTTP/1.1 200 OK"
2026-03-10 23:40:02,146 [INFO] HTTP Request: POST https://api.deepseek.com/chat/completions "HTTP/1.1 200 OK"
2026-03-10 23:40:03,509 [INFO] HTTP Request: POST https://api.deepseek.com/chat/completions "HTTP/1.1 200 OK"
2026-03-10 23:40:05,173 [INFO] HTTP Request: POST https://api.deepseek.com/chat/completions "HTTP/1.1 200 OK"
2026-03-10 23:40:06,712 [INFO] HTTP Request: POST https://api.deepseek.com/chat/completions "HTTP/1.1 200 OK"
2026-03-10 23:40:08,434 [INFO] HTTP Request: POST https://api.deepseek.com/chat/completions "HTTP/1.1 200 OK"
2026-03-10 23:40:13,293 [INFO] HTTP Request: POST https://api.deepseek.com/chat/completions "HTTP/1.1 200 OK"
2026-03-10 23:40:14,926 [INFO] HTTP Request: POST https://api.deepseek.com/chat/completions "HTTP/1.1 200 OK"
2026-03-10 23:40:16,238 [INFO] HTTP Request: POST https://api.deepseek.com/chat/completions "HTTP/1.1 200 OK"
2026-03-10 23:40:17,800 [INFO] HTTP Request: POST https://api.deepseek.com/chat/completions "HTTP/1.1 200 OK"
2026-03-10 23:40:18,995 [INFO] HTTP Request: POST https://api.deepseek.com/chat/completions "HTTP/1.1 200 OK"
2026-03-10 23:40:20,506 [INFO] HTTP Request: POST https://api.deepseek.com/chat/completions "HTTP/1.1 200 OK"
2026-03-10 23:40:21,940 [INFO] HTTP Request: POST https://api.deepseek.com/chat/completions "HTTP/1.1 200 OK"
2026-03-10 23:40:23,489 [INFO] HTTP Request: POST https://api.deepseek.com/chat/completions "HTTP/1.1 200 OK"
2026-03-10 23:40:24,884 [INFO] HTTP Request: POST https://api.deepseek.com/chat/completions "HTTP/1.1 200 OK"
2026-03-10 23:40:26,116 [INFO] HTTP Request: POST https://api.deepseek.com/chat/completions "HTTP/1.1 200 OK"
2026-03-10 23:40:27,667 [INFO] HTTP Request: POST https://api.deepseek.com/chat/completions "HTTP/1.1 200 OK"
2026-03-10 23:40:29,106 [INFO] HTTP Request: POST https://api.deepseek.com/chat/completions "HTTP/1.1 200 OK"
2026-03-10 23:40:30,937 [INFO] HTTP Request: POST https://api.deepseek.com/chat/completions "HTTP/1.1 200 OK"
2026-03-10 23:40:32,431 [INFO] HTTP Request: POST https://api.deepseek.com/chat/completions "HTTP/1.1 200 OK"
2026-03-10 23:40:34,320 [INFO] HTTP Request: POST https://api.deepseek.com/chat/completions "HTTP/1.1 200 OK"
2026-03-10 23:40:35,528 [INFO] HTTP Request: POST https://api.deepseek.com/chat/completions "HTTP/1.1 200 OK"
2026-03-10 23:40:37,081 [INFO] HTTP Request: POST https://api.deepseek.com/chat/completions "HTTP/1.1 200 OK"
2026-03-10 23:40:38,428 [INFO] HTTP Request: POST https://api.deepseek.com/chat/completions "HTTP/1.1 200 OK"
2026-03-10 23:40:39,920 [INFO] HTTP Request: POST https://api.deepseek.com/chat/completions "HTTP/1.1 200 OK"
2026-03-10 23:40:41,358 [INFO] HTTP Request: POST https://api.deepseek.com/chat/completions "HTTP/1.1 200 OK"
2026-03-10 23:40:42,794 [INFO] HTTP Request: POST https://api.deepseek.com/chat/completions "HTTP/1.1 200 OK"
2026-03-10 23:40:44,042 [INFO] HTTP Request: POST https://api.deepseek.com/chat/completions "HTTP/1.1 200 OK"
2026-03-10 23:40:49,147 [INFO] HTTP Request: POST https://api.deepseek.com/chat/completions "HTTP/1.1 200 OK"
2026-03-10 23:40:50,591 [INFO] HTTP Request: POST https://api.deepseek.com/chat/completions "HTTP/1.1 200 OK"
2026-03-10 23:40:51,983 [INFO] HTTP Request: POST https://api.deepseek.com/chat/completions "HTTP/1.1 200 OK"
2026-03-10 23:40:53,306 [INFO] HTTP Request: POST https://api.deepseek.com/chat/completions "HTTP/1.1 200 OK"
2026-03-10 23:40:54,817 [INFO] HTTP Request: POST https://api.deepseek.com/chat/completions "HTTP/1.1 200 OK"
2026-03-10 23:40:56,097 [INFO] HTTP Request: POST https://api.deepseek.com/chat/completions "HTTP/1.1 200 OK"
2026-03-10 23:40:57,650 [INFO] HTTP Request: POST https://api.deepseek.com/chat/completions "HTTP/1.1 200 OK"
2026-03-10 23:40:59,189 [INFO] HTTP Request: POST https://api.deepseek.com/chat/completions "HTTP/1.1 200 OK"
2026-03-10 23:41:00,583 [INFO] HTTP Request: POST https://api.deepseek.com/chat/completions "HTTP/1.1 200 OK"
2026-03-10 23:41:01,872 [INFO] HTTP Request: POST https://api.deepseek.com/chat/completions "HTTP/1.1 200 OK"
2026-03-10 23:41:03,327 [INFO] HTTP Request: POST https://api.deepseek.com/chat/completions "HTTP/1.1 200 OK"
2026-03-10 23:41:04,703 [INFO] HTTP Request: POST https://api.deepseek.com/chat/completions "HTTP/1.1 200 OK"
2026-03-10 23:41:06,233 [INFO] HTTP Request: POST https://api.deepseek.com/chat/completions "HTTP/1.1 200 OK"
2026-03-10 23:41:07,618 [INFO] HTTP Request: POST https://api.deepseek.com/chat/completions "HTTP/1.1 200 OK"
2026-03-10 23:41:09,180 [INFO] HTTP Request: POST https://api.deepseek.com/chat/completions "HTTP/1.1 200 OK"
2026-03-10 23:41:10,298 [INFO] HTTP Request: POST https://api.deepseek.com/chat/completions "HTTP/1.1 200 OK"
2026-03-10 23:41:11,567 [INFO] HTTP Request: POST https://api.deepseek.com/chat/completions "HTTP/1.1 200 OK"
2026-03-10 23:41:12,920 [INFO] HTTP Request: POST https://api.deepseek.com/chat/completions "HTTP/1.1 200 OK"
2026-03-10 23:41:14,305 [INFO] HTTP Request: POST https://api.deepseek.com/chat/completions "HTTP/1.1 200 OK"
2026-03-10 23:41:15,890 [INFO] HTTP Request: POST https://api.deepseek.com/chat/completions "HTTP/1.1 200 OK"
2026-03-10 23:41:17,308 [INFO] HTTP Request: POST https://api.deepseek.com/chat/completions "HTTP/1.1 200 OK"
2026-03-10 23:41:18,676 [INFO] HTTP Request: POST https://api.deepseek.com/chat/completions "HTTP/1.1 200 OK"
2026-03-10 23:41:20,189 [INFO] HTTP Request: POST https://api.deepseek.com/chat/completions "HTTP/1.1 200 OK"
2026-03-10 23:41:25,219 [INFO] HTTP Request: POST https://api.deepseek.com/chat/completions "HTTP/1.1 200 OK"
2026-03-10 23:41:26,453 [INFO] HTTP Request: POST https://api.deepseek.com/chat/completions "HTTP/1.1 200 OK"
2026-03-10 23:41:27,922 [INFO] HTTP Request: POST https://api.deepseek.com/chat/completions "HTTP/1.1 200 OK"
2026-03-10 23:41:29,019 [INFO] HTTP Request: POST https://api.deepseek.com/chat/completions "HTTP/1.1 200 OK"
2026-03-10 23:41:30,184 [INFO] HTTP Request: POST https://api.deepseek.com/chat/completions "HTTP/1.1 200 OK"
2026-03-10 23:41:31,588 [INFO] HTTP Request: POST https://api.deepseek.com/chat/completions "HTTP/1.1 200 OK"
2026-03-10 23:41:32,988 [INFO] HTTP Request: POST https://api.deepseek.com/chat/completions "HTTP/1.1 200 OK"
2026-03-10 23:41:34,244 [INFO] HTTP Request: POST https://api.deepseek.com/chat/completions "HTTP/1.1 200 OK"
2026-03-10 23:41:35,443 [INFO] HTTP Request: POST https://api.deepseek.com/chat/completions "HTTP/1.1 200 OK"
2026-03-10 23:41:37,094 [INFO] HTTP Request: POST https://api.deepseek.com/chat/completions "HTTP/1.1 200 OK"
2026-03-10 23:41:38,426 [INFO] HTTP Request: POST https://api.deepseek.com/chat/completions "HTTP/1.1 200 OK"
2026-03-10 23:41:39,978 [INFO] HTTP Request: POST https://api.deepseek.com/chat/completions "HTTP/1.1 200 OK"
2026-03-10 23:41:41,275 [INFO] HTTP Request: POST https://api.deepseek.com/chat/completions "HTTP/1.1 200 OK"
2026-03-10 23:41:42,950 [INFO] HTTP Request: POST https://api.deepseek.com/chat/completions "HTTP/1.1 200 OK"
2026-03-10 23:41:44,495 [INFO] HTTP Request: POST https://api.deepseek.com/chat/completions "HTTP/1.1 200 OK"
2026-03-10 23:41:45,912 [INFO] HTTP Request: POST https://api.deepseek.com/chat/completions "HTTP/1.1 200 OK"
2026-03-10 23:41:47,917 [INFO] HTTP Request: POST https://api.deepseek.com/chat/completions "HTTP/1.1 200 OK"
2026-03-10 23:41:49,091 [INFO] HTTP Request: POST https://api.deepseek.com/chat/completions "HTTP/1.1 200 OK"
2026-03-10 23:41:50,531 [INFO] HTTP Request: POST https://api.deepseek.com/chat/completions "HTTP/1.1 200 OK"
2026-03-10 23:41:51,962 [INFO] HTTP Request: POST https://api.deepseek.com/chat/completions "HTTP/1.1 200 OK"
2026-03-10 23:41:53,300 [INFO] HTTP Request: POST https://api.deepseek.com/chat/completions "HTTP/1.1 200 OK"
2026-03-10 23:41:54,617 [INFO] HTTP Request: POST https://api.deepseek.com/chat/completions "HTTP/1.1 200 OK"
2026-03-10 23:41:55,932 [INFO] HTTP Request: POST https://api.deepseek.com/chat/completions "HTTP/1.1 200 OK"
2026-03-10 23:42:01,025 [INFO] HTTP Request: POST https://api.deepseek.com/chat/completions "HTTP/1.1 200 OK"
2026-03-10 23:42:02,378 [INFO] HTTP Request: POST https://api.deepseek.com/chat/completions "HTTP/1.1 200 OK"
2026-03-10 23:42:03,796 [INFO] HTTP Request: POST https://api.deepseek.com/chat/completions "HTTP/1.1 200 OK"
2026-03-10 23:42:05,243 [INFO] HTTP Request: POST https://api.deepseek.com/chat/completions "HTTP/1.1 200 OK"
2026-03-10 23:42:06,519 [INFO] HTTP Request: POST https://api.deepseek.com/chat/completions "HTTP/1.1 200 OK"
2026-03-10 23:42:08,008 [INFO] HTTP Request: POST https://api.deepseek.com/chat/completions "HTTP/1.1 200 OK"
2026-03-10 23:42:09,216 [INFO] HTTP Request: POST https://api.deepseek.com/chat/completions "HTTP/1.1 200 OK"
